Rank,Album Name,Rating (#votes),Popularity
1,Diabolik Lovers ,3.80 (15),0.0006
2,Eiga Precure Dream Stars!,4.10 (15),0.0006
3,Diabolik Lovers,4.04 (14),0.0006
4,Haikyu ,4.04 (14),0.0006
5,Eiga Kirakira precure a La Mode Paris-tto! Omoide No Mille-feuille!,4.50 (13),0.0006
6,Nightmare,4.31 (13),0.0006
14,Dive & Drama,5.00 (11),0.0006
16,Square Enix,4.58 (13),0.0029
17,The Best Of Final Fantasy 1994-1999: A Musical Tribute,1.00 (11),0.0034
18,Kirakira precure a La Mode 1: Precure sound decoration,4.33 (15),0.0040
19,Ao Haru Ride  ,4.29 (14),0.0043
20,Dive,3.77 (11),0.0044
23,Diabolik Lovers ,4.10 (15),0.0077
24,Music Inspired By Final Fantasy,1.54 (12),0.0087
25,One Piece Film Gold  ,4.12 (17),0.0087
26,Xenoblade Chronicles X  Selection,1.50 (14),0.0091
27,Promare  ,4.86 (11),0.0123
28,2v-alk / Sawanohiroyuki[nzk] [],4.25 (12),0.0125
29,"Trickster -edogawa Ranpo ""shounen Tanteidan"" Yori-  ",4.06 (18),0.0126
30,Kabaneri Of The Iron Fortress Complete ,4.13 (16),0.0136
31,2v-alk / Sawanohiroyuki[nzk],4.29 (12),0.0136
32,My Hero Academia 2018  ,3.88 (12),0.0136
33,Diabolik Lovers More Blood,5.00 (14),0.0136
34,Soul Eater Not!   Selection,4.00 (17),0.0138
35,Kodoku No Kake -itoshiki Hitoyo-  ,5.00 (11),0.0152
36,A Song To The Sun  ,4.95 (11),0.0155
37,Soul Eater Not! Notri!,4.77 (13),0.0159
38,Soul Eater Not! Notri!,4.77 (13),0.0159
39,Dramatical Murder,4.18 (17),0.0165
42,Robotics;notes ,4.36 (14),0.0176
45,Classroom crisis  ,3.93 (22),0.0192
46,Boss  ,4.98 (22),0.0200
47,Robotics;notes ,4.50 (15),0.0201
48,Blue Exorcist Kyoto Saga  ,4.08 (13),0.0207
49,Boku Dake Ga Inai Machi  ,4.64 (14),0.0214
50,Guilty Crown Complete ,4.75 (14),0.0216
51,Streets Of Rage,4.36 (11),0.0224
52,Musica / Hiroyuki Sawano,4.75 (16),0.0224
54,Konami Game Music Remix Series ,1.77 (13),0.0230
59,Sonic Adventure Remix,3.50 (12),0.0259
60,Mobile Suit Gundam Narrative  ,4.43 (21),0.0269
61,Kirakira precure a La Mode 2: Precure sound go Round,4.24 (19),0.0273
63,Zombie-loan  ,4.77 (13),0.0277
64,Sonic Adventure 2   20th Anniversary Edition,4.14 (11),0.0278
65,Junji Ito Collection  ,4.27 (11),0.0278
66,The King Of S '94-xiii,4.36 (11),0.0281
67,Unchild / Sawanohiroyuki[nzk]:aimer,4.54 (14),0.0281
68,Best Of The Best,2.77 (13),0.0281
70,Sawanohiroyuki[nzk],4.86 (14),0.0288
73,Dragon Quest Best Dance Mix,2.17 (12),0.0292
74,Tales Of The Tempest  ,3.14 (11),0.0296
75,Denpa Ningen No Rpg  ,2.54 (12),0.0304
76,Thunderbolt Fantasy Sword Seekers  ,4.75 (18),0.0305
77,Attack On Titan -guren No Yumiya-  Sound Track,4.29 (12),0.0308
78,Shin Megami Tensei: Persona 3  ,3.41 (11),0.0310
80,We Are Error,4.23 (11),0.0320
81,Donkey Kong Country 3: Double The Trouble!,3.21 (12),0.0323
82,Platina Data  ,4.95 (11),0.0324
83,Death Parade   Digest Edition,3.75 (22),0.0325
84,Gradius House Remix,2.35 (13),0.0331
86,Kill La Kill,3.87 (15),0.0333
87,Triangle  ,4.98 (22),0.0334
88,Zelda Triforce Trilogy,3.90 (15),0.0345
89,Decade Of Expose,3.23 (11),0.0350
92,Rockman Holic ~the 25th Anniversary~,3.82 (11),0.0355
93,Dione Aggregation,4.00 (11),0.0361
94,Narrative/noiseofrain / Sawanohiroyuki[nzk],4.41 (17),0.0362
95,Seraph Of The End: Battle In Nagoya  ,4.38 (13),0.0364
96,The Legend Of Zelda: Breath Of The Wild,3.25 (16),0.0366
97,Sonic The Hedgehog 2: Hedgehog Heaven,3.54 (12),0.0369
98,Over The Rainbow,4.36 (11),0.0369
99,Before The Fall: Final Fantasy Xiv  ,3.63 (12),0.0370
100,Dissidia Final Fantasy -arcade-  ,3.03 (16),0.0371
101,Blue Exorcist Plugless [],4.64 (14),0.0372
102,Solitude Blossom,3.55 (11),0.0374
103,Valhalla Knights -eldar Saga-  ,3.13 (12),0.0381
104,Final Fantasy X-2 Vocal Collection Paine,2.27 (13),0.0382
105,Play! A Video Game Symphony Live!,2.71 (14),0.0382
106,Distant Worlds Iii: More Music From Final Fantasy,3.82 (11),0.0386
107,Grand Theft Auto: Vice City Official  Box Set,4.58 (12),0.0390
108,Portal 2: Songs To Test By ,3.95 (11),0.0398
110,Ridge Laser,2.75 (12),0.0399
111,Yamanaiame,4.54 (12),0.0400
112,Shenmue Jukebox,3.41 (11),0.0403
113,Spectrum Of Mana,4.27 (11),0.0404
114,Street Fighter X Tekken  Sound Track,3.09 (11),0.0405
115,Death Parade Blu-ray Box Bonus Discs,4.42 (19),0.0407
116,Mare  ,4.72 (23),0.0410
117,The Legend Of Heroes: Sen No Kiseki Ii  ,4.45 (11),0.0413
118,Immortal 2,3.68 (11),0.0413
119,Mega Man X: Maverick Rising,4.00 (15),0.0417
120,Gradius Tribute,2.50 (12),0.0419
121,Teenage Mutant Ninja Turtles: Shell Shocked,3.82 (11),0.0420
122,Dmc: Devil May Cry Noisia ,2.58 (12),0.0424
123,Sonic Adventure   20th Anniversary Edition,4.64 (11),0.0424
125,Seraph Of The End  ,4.37 (15),0.0425
126,Speed Nation: The  Rr64 ,3.36 (11),0.0427
127,N7 Collector's Edition ,3.50 (11),0.0437
128,Sonic The Hedgehog: The Sound Of Speed,3.75 (14),0.0439
129,Triple Threat: Sonic Heroes Vocal Trax,3.85 (13),0.0439
130,Shadow The Hedgehog  Soundtrax,4.08 (13),0.0440
131,Final Fantasy Xv  ,3.65 (13),0.0441
132,Pop | Culture,2.79 (12),0.0442
133,Alice Order  ,4.71 (19),0.0450
134,Devilman Crybaby  ,4.05 (11),0.0451
135,Blue Reflection Official ,4.64 (11),0.0452
138,1080 degrees Snow Boarding,2.77 (11),0.0459
139,O1 / Sawanohiroyuki[nzk],4.68 (11),0.0459
140,Sengoku Basara -the Last Party- Ongaku Emaki ~saraba Tomo yo,4.58 (12),0.0461
141,Mario Sports,3.77 (11),0.0462
143,Monster Hunter Swing ~big Band Jazz Arrange~,3.45 (11),0.0464
144,X.U. | Scapegoat / Sawanohiroyuki[nzk] [],4.42 (13),0.0466
145,Medal Of Honor   Recording,4.27 (11),0.0472
146,Blood On The Asphalt: A Super Street Fighter 2 Turbo Remix Collaboration,3.00 (19),0.0473
147,Crimson Blitz - Lightning Returns:final Fantasy Xiii,3.58 (12),0.0481
148,Rockman X Command Mission  ,3.86 (11),0.0481
149,Shenmue,3.83 (12),0.0483
150,Capcom Vs. Snk Millennium Fight 2000  ,3.15 (13),0.0483
151,Hiroyuki Sawano Best Of  [emu] [],4.38 (13),0.0484
152,Heroes Vs. Villains,3.91 (16),0.0487
153,Red,4.08 (12),0.0487
154,Persona 4  Side A,3.97 (15),0.0489
155,Perfect Collection Brandish,3.09 (11),0.0491
156,"Rockman Zx Soundsketch ""zx Gigamix",3.88 (12),0.0491
158,Mega Man 2 : Beat The 8 Super Robots With 8 Bit Instrumental,3.91 (11),0.0493
159,Tsubasa Chronicle   - Future Soundscape I,4.09 (11),0.0494
160,The Legend Of Zelda: Majora's Mask,4.04 (12),0.0498
161,Seiken Densetsu Rise Of Mana  ,2.70 (15),0.0501
162,Devil May Cry 5  ,3.73 (11),0.0504
163,Halo 4  ,3.58 (12),0.0505
164,Bioshock Infinite Digital ,3.50 (12),0.0508
165,Tales Of Xillia2  ,3.41 (11),0.0510
166,Aldnoah.Zero Rearrange ,4.43 (15),0.0512
167,Castlevania: Symphony Of The Night - Resurrection,3.42 (12),0.0514
168,Mario Party 3  ,3.29 (14),0.0514
169,Tokyo Xanadu  ,4.14 (11),0.0514
170,Diablo Iii Collector's Edition ,3.77 (11),0.0515
171,Da Banana Bunch: The  Donkey Kong 64 ,3.38 (13),0.0517
172,Star Ocean: The Second Story Fantasy Megamix,3.23 (13),0.0517
173,Sounds From The Lighthouse: Official Bioshock 2 Score,3.46 (13),0.0517
174,Muchimuchipork!  Sound Track,3.32 (11),0.0519
175,Welcome To The Ballroom  ,4.35 (23),0.0520
176,Akumajo Dracula -odi Et Amo-,3.46 (12),0.0527
177,Lost And Found : Shadow The Hedgehog Vocal Trax,3.95 (11),0.0528
178,Metal Gear Rising: Revengeance ,3.27 (15),0.0530
179,Leg Vacuum,4.18 (11),0.0530
180,The Legend Of Xanadu Super Arrange Version,3.50 (13),0.0532
181,Sonic The Hedgehog 4 Episode I & Ii  ,3.08 (19),0.0532
182,Haunted Dancehall,3.89 (14),0.0533
183,Kokoro Vibration,4.79 (12),0.0534
184,Dodonpachi Saidaioujou Arrange Album,3.36 (11),0.0535
185,A/z|aliez / Sawanohiroyuki[nzk] [],4.38 (12),0.0538
186,Exserens,4.39 (14),0.0539
187,Steinsgate,4.55 (11),0.0541
188,Ryuusei No Rockman 1&2  ,3.73 (11),0.0542
189,Split Theory,4.23 (13),0.0543
191,Pokemon Black 2/White 2,4.16 (19),0.0545
192,Image Album Ys V Ushinawareta Suna No Miyako Kefin,3.23 (11),0.0545
194,"The Legend Of Heroes ""sora No Kiseki Fc & Sc"" Super Arrange Version",4.13 (12),0.0547
195,Nadir,4.59 (11),0.0548
196,Nights: Lucid Dreaming,3.79 (14),0.0548
197,Puella Magi Madoka magica The Movie  ,3.89 (14),0.0548
198,True Blue: The Best Of Sonic The Hedgehog,4.07 (15),0.0549
199,Elminage ~yami No Miko To Kamigami No Yubiwa~  ,3.41 (11),0.0552
200,Remastered Tracks Rockman Zero,3.90 (15),0.0554
201,Zone Of The Enders Remix Edition,3.47 (16),0.0555
202,Gundam Build Fighters  ,4.27 (26),0.0556
203,The Baku Bom! Baku Bomberman  ,3.57 (15),0.0556
204,Metal Gear 25th Anniversary ~ Metal Gear Music Collection,4.18 (11),0.0557
205,Xenogears Light | An Arranged Album,2.64 (14),0.0561
206,Mr. Driller Sound Tracks,4.00 (11),0.0561
207,Biohazard 2 Remix~met@morphoses~,2.95 (11),0.0561
208,Chocobo To Mahou No Ehon Series  ,3.45 (11),0.0562
209,Final Fantasy V: The Fabled Warriors ~i. Wind~,3.34 (16),0.0562
210,Naruto   Ii,4.23 (11),0.0563
211,Secret Of Mana  ,3.50 (12),0.0564
212,Gekijouban Fate,4.27 (11),0.0565
213,Jiyuu E No Shingeki / Linked Horizon [],3.29 (12),0.0565
214,Bokujou Monogatari ~ Harvest Moon  ,3.64 (14),0.0565
215,Pachislot Akumajo Draculaii  ,2.86 (11),0.0566
216,Devil Summoner: Soul Hackers Arrange Sound Track,4.27 (11),0.0568
217,Final Fantasy Remix,2.66 (19),0.0568
218,Shin Sangokumusou 6  Sound Track Complete,4.09 (11),0.0568
219,Tales Of Hearts  ,3.46 (12),0.0568
220,Doom: The Dark Side Of Phobos,3.42 (12),0.0570
221,Dark Souls With Artorias Of The Abyss Edition  ,4.15 (13),0.0570
222,Puella Magi Madoka Magica The Movie: Rebellion  ,4.50 (13),0.0571
223,Lightning Returns:final Fantasy Xiii   Plus,3.29 (14),0.0573
224,The King Of Fighters 2001  Sound Trax,3.00 (11),0.0573
225,Narrative/noiseofrain / Sawanohiroyuki[nzk] [],4.86 (11),0.0574
226,The Legend Of Zelda: Ocarina Of Time  ,4.18 (11),0.0577
227,Blue Exorcist The Movie  ,4.46 (13),0.0579
229,Front Mission Online  ,3.25 (12),0.0584
230,"The Entrance ""densetsu No Ogre Battle"" Image Album",2.95 (11),0.0592
231,L.A. Noire Official ,3.69 (13),0.0593
232,Alex Kidd Complete Album,3.65 (13),0.0597
233,The Legend Of Zelda: The Wind Waker,4.00 (12),0.0598
234,Battlefield 3  Videogame ,2.67 (12),0.0598
235,Rise Of The Star: The Kirby's Adventure Remix Collaboration,3.50 (12),0.0599
236,Michigan  Sound Track,3.18 (11),0.0599
237,Fairy Tail  Sound Collection,4.58 (12),0.0602
238,Sword Art Online   ,3.67 (15),0.0602
239,Gensokyo Jihen,4.36 (11),0.0603
240,Sora No Kiseki Zanmai,3.92 (13),0.0605
241,Face To Faith: Sonic And The Black Knight - Vocal Trax,4.07 (14),0.0606
242,Ninelie Ep / Aimer,4.59 (11),0.0607
243,Metroid Metal - Expansion Pack,4.33 (12),0.0607
244,Cuts Unleashed: Sa2 Vocal Collection,3.81 (16),0.0608
245,Gensosuikodeniv  ,3.40 (15),0.0608
246,Shin Megami Tensei Iv Sound & Art Collection,3.50 (12),0.0610
247,Ikenie To Yuki No Setsuna  ,3.64 (14),0.0612
248,Minecraft - ,3.47 (15),0.0612
249,Nintendo Power - Play It Loud!   ,3.77 (11),0.0613
250,Bravely Second End Layer  ,2.53 (35),0.0613
251,Dino Crisis  ,3.12 (13),0.0613
252,Marie No Atelier: Salburg No Renkinjutsushi  ,3.55 (11),0.0613
253,Harmony Of A Hunter,4.36 (11),0.0614
255,Fantasy Life  Sound Track,4.05 (11),0.0616
256,Tales Of Graces  ,3.42 (13),0.0618
257,Genso Suikogaiden ,4.00 (11),0.0619
259,Sonic After The Sequel  Sound Track,4.45 (11),0.0621
260,Doom  Game ,4.55 (11),0.0621
261,Persona3 Portable Voice Mix Arrange,3.19 (16),0.0624
262,Sonic Adventure Songs With Attitude ~vocal Mini-album~,4.14 (14),0.0627
263,Medal Of Honor: Frontline   Recording,4.33 (12),0.0627
264,Subarashiki Kono Sekai + The World Ends With You,4.06 (16),0.0628
265,Street Fighter Ex 2 Arrange Album,3.88 (12),0.0629
266,System Shock 2 ,3.45 (11),0.0633
267,The Works / Jun Senoue,4.25 (12),0.0634
268,Degenerate Dancehall,3.92 (12),0.0634
269,Super Meat Boy! ,4.59 (11),0.0637
270,Valkyrie Profile 2 -silmeria- Voice Mix Album,3.55 (11),0.0637
271,A/z|aliez / Sawanohiroyuki[nzk],4.62 (17),0.0641
272,Sonic Adventure 2 Official ,4.00 (16),0.0641
273,Sailor Moon Crystal  S,4.18 (14),0.0642
274,Death Note   Iii,4.00 (14),0.0643
275,"Attack On Titan"" Season 3  ",4.85 (13),0.0644
276,Yoshi's Story  ,3.00 (17),0.0645
277,Ollie King  ,4.03 (16),0.0646
278,Kong In Concert: Donkey Kong Country An Arrangement Collaboration,3.43 (23),0.0649
279,Sonic Mania Plus  ,4.47 (16),0.0651
280,Remastered Tracks Rockman Zero Idea,4.23 (13),0.0652
281,Baldur's Gate Ii: Shadows Of Amn,4.14 (11),0.0653
282,Jormungand  ,4.67 (12),0.0653
283,The Witcher 2: Assassins Of Kings Official Game ,3.96 (13),0.0657
284,Chocobo Racing  ,3.96 (13),0.0658
285,Stay Night,4.15 (13),0.0659
286,Kingdoms Of Amalur: Reckoning - The ,4.09 (11),0.0660
287,Naruto   Iii,4.33 (12),0.0661
288,Sora No Woto  ,4.27 (11),0.0662
289,Tales Of Symphonia -ratatosk No Kishi-  ,3.38 (13),0.0662
290,Dear Esther Official ,3.71 (12),0.0662
291,Double Counterpoint,4.54 (14),0.0663
292,Halo 3: Odst  ,3.48 (22),0.0663
293,Omega Boost  ,3.46 (12),0.0665
294,Castlevania: Sonata Of The Damned,3.48 (22),0.0665
295,Final Fantasy X-2 Vocal Collection Rikku,2.95 (11),0.0665
296,Batman: Arkham City -  Video Game Score,3.91 (11),0.0665
297,Mushishi   Mushinone Go,4.27 (11),0.0667
298,Mariotennis64  Sound Track,3.82 (17),0.0667
299,Call Of Duty: Modern Warfare 2  Score,3.28 (16),0.0668
300,Over The Sky -final Fantasy Xii-,3.67 (12),0.0668
301,Nice To Meat You,4.77 (11),0.0669
302,Devil Survivor  Remix Sound Track,3.37 (15),0.0669
303,The Legend Of Heroes: Ao No Kiseki  ,3.88 (12),0.0670
304,Planetarian  ,4.23 (11),0.0670
305,Diablo Ii,4.18 (14),0.0671
306,Super Mario Compact Disco: Ambassadors Of Funk Featuring M.C. Mario,3.77 (13),0.0672
307,Ninja Ryukenden Ii - Ankoku No Jashin Ken,3.58 (12),0.0673
308,Of Memories,4.60 (15),0.0674
309,Assassin's Creed Iii: Liberation  Game ,3.64 (11),0.0674
310,Umineko No Naku Koro Ni Musicbox Red,3.93 (14),0.0675
311,Sonic The Hedgehog-remix,4.13 (15),0.0675
312,Kanon Air Piano Arrange Album Re-feel,4.08 (12),0.0675
313,Ninety-nine Nights  ,4.27 (11),0.0677
314,Symphonic Suite Dragon Quest X: Mezameshi Itsutsu No Shuzoku,4.13 (12),0.0679
315,Tobi Tsukihime ,4.23 (11),0.0680
316,Final Fantasy Tribute ~thanks~,3.75 (12),0.0682
317,Fable Ii  ,3.82 (11),0.0685
318,Gurren Lagann  ,4.39 (14),0.0686
320,Freedom Fighters  ,4.41 (11),0.0692
321,Mass Effect 2  Videogame Score,3.50 (16),0.0694
322,Gunvalkyrie Official ,4.04 (13),0.0694
323,Banjo-kazooie Nuts & Bolts  ,4.15 (13),0.0695
324,Sonic The Hedgehog Vocal Traxx Several Wills,4.14 (14),0.0695
325,The Garden Of Sinners: Thanatos.  ,4.45 (11),0.0695
326,Sawanohiroyuki[nzk],4.65 (13),0.0698
327,Evangelion: 3.0 You Can (not) Redo,4.42 (12),0.0699
328,Puella Magi Madoka Magica,4.40 (15),0.0700
329,Halo 2   And New Music ,3.39 (18),0.0707
330,Hitman: Codename 47 / Hitman 2: Silent Assassin -  S From The Eidos Videogames,4.21 (12),0.0708
331,Street Fighter Iii: 3rd Strike  ,3.83 (12),0.0708
332,A New World: Intimate Music From Final Fantasy,4.17 (12),0.0709
333,Tales Of Zestiria  ,4.38 (16),0.0709
334,Death Note   Ii,4.00 (14),0.0710
335,Pia-com I / Pia-coms,3.91 (11),0.0711
336,Namco Game Sound Express ,4.00 (12),0.0711
337,Final Fantasy Type-0  ,4.11 (18),0.0711
338,The Best Of Crush 40 - Super Sonic Songs,4.69 (13),0.0712
339,Re:creators  ,4.23 (37),0.0713
340,Motoi Sakuraba Live 2006 -valkyrie Profile 2-,4.05 (11),0.0713
341,Banjo-tooie,4.00 (12),0.0714
342,Super Mario Kart Album,3.74 (19),0.0716
343,Monster Hunter 4  ,3.77 (11),0.0717
344, Sound Track Dinosaur Resurrection,3.81 (13),0.0718
345,Seven Rings In Hand: Sonic And The Secret Rings  Sound Track,4.06 (18),0.0718
346,Mario Basketball 3on3  ,3.88 (13),0.0718
347,Chrono Symphonic: A Cinematic Interpretation,3.00 (31),0.0720
348,Otomedius-x  ,3.42 (12),0.0721
349,Humans + Gears: Xenogears Remixed,3.24 (17),0.0722
350,Rockman,3.62 (13),0.0722
351,"Bomberman Hero""  ",3.65 (13),0.0722
352,"Little Busters! Arrange Album ""rockstar Busters!",4.33 (12),0.0724
353,Marvel Vs. Capcom: Clash Of Super Heroes  ,3.71 (14),0.0726
354,Prince Of Persia Warrior Within  ,4.38 (12),0.0726
355,Love=all,4.69 (13),0.0727
356,The King Of Fighters '98 -ultimate Match-  ,4.14 (11),0.0728
357,Shin Megami Tensei Sound Collection,3.55 (11),0.0729
358,Psychonauts  ,3.64 (11),0.0730
359,Puella Magi Madoka Magica,4.44 (16),0.0730
360,Legacy Of Ys: Books I & Ii  ,3.73 (11),0.0730
361,Street Fighter Iii New Generation  Arrange Album,3.63 (12),0.0732
362,Rayman Origins  ,4.09 (11),0.0733
363,Marvel Super Heroes Vs. Street Fighter  Sound Track & Arrange,3.36 (11),0.0734
364,White Clear,4.25 (12),0.0734
365,Mushishi   Mushinone Zen,4.42 (12),0.0735
366,Sonic Rush Adventure  ,4.07 (14),0.0736
368,The Music Of Command & Conquer: Red Alert,4.36 (11),0.0741
369,Final Fantasy X Vocal Collection,2.83 (21),0.0741
371,Bouyuu Toukaidou ~ Retrospective 53 Minutes -zun's Music Collection ,4.45 (11),0.0743
372,Horizon On The Middle Of Nowhere  Sound Track,4.67 (12),0.0743
373,Music From Ffv And Ffvi Video Games,3.70 (15),0.0744
374,Ghost In The Shell : Stand Alone Complex Music Archive Sound Files,4.33 (12),0.0747
375,Archiv-east,4.46 (12),0.0748
376,Begierde Des Zauberer,4.66 (16),0.0748
378,Mobius Final Fantasy  ,3.17 (12),0.0749
379,X'mas Collections Music From Square Enix,3.17 (18),0.0749
380,Rockman Zx Advent : Zxa Tunes,4.37 (15),0.0750
381,Persona5  ,3.67 (27),0.0751
382,Alan Wake ,3.93 (15),0.0752
383,Final Fantasy Vii Chips,3.58 (12),0.0752
384,Maji De Watashi Ni Koishinasai! S Music Collection,4.00 (15),0.0753
385,Evangelion: 2.0 You Can (not) Advance,4.64 (14),0.0754
386,"Attack On Titan"" Season 2  ",4.15 (31),0.0755
387,Fairy Tail   ,4.43 (15),0.0755
388,Fate/zero Drama,4.04 (12),0.0756
389,Plastik World,4.24 (17),0.0757
390,Silent Hill 4 The Room  ,3.53 (18),0.0758
391,Perfect Prince  ,3.45 (11),0.0759
392,Katayoku No Tori / Akiko Shikata,4.21 (14),0.0760
393,Hoshi No Kirby 20th Anniversary Memorial ,4.13 (16),0.0760
395,Dominated Dancehall,3.95 (11),0.0761
396,Lair   From The Video Game [],4.29 (12),0.0764
397,Mega Drive Last Action Heroes,4.07 (14),0.0764
398,Final Fantasy VI/VII/X,4.41 (11),0.0765
399,Tales Of Eternia  ,3.15 (13),0.0766
400,The Legend Of Heroes Sora No Kiseki Sc  Sound Track,4.27 (11),0.0768
401,Sega Rally Championship Ignition,4.09 (11),0.0768
402,The Witcher -role.Playing Game-  ,3.68 (11),0.0768
403,Borderlands  ,3.92 (13),0.0770
404,Final Fantasy Xv   ,4.45 (11),0.0770
405,Violet Evergarden : Automemories,4.75 (12),0.0771
406,Shin Sekaiju No Meiq 2 Fafnir No Kishi  ,4.08 (13),0.0772
407,Double Dragon,3.95 (11),0.0772
408,Persona Q Shadow Of The Labyrinth  ,3.67 (15),0.0772
409,Talesweaver   Plus,4.50 (11),0.0773
410,Final Fantasy Iv: Echoes Of Betrayal,3.43 (29),0.0773
411,Xenoblade2   [type A],4.83 (27),0.0774
412,Sonic & Knuckles: Sonic The Hedgehog 3,3.78 (16),0.0775
414,Bra bra Final Fantasy Brass De Bravo,4.07 (14),0.0776
415,Shock Troopers 2nd Squad / Shock Troopers,4.18 (14),0.0777
416,Love Sq,3.34 (16),0.0777
417,Dariusburst  ,3.91 (11),0.0777
418,Xenoblade 2 Sound Selection,4.27 (11),0.0777
419,Final Fight  Sound Collection,4.23 (11),0.0778
420,Wave Race 64  ,3.96 (13),0.0779
421,Kiss Me Good-bye,3.92 (12),0.0779
422,Portal 2: Songs To Test By ,3.92 (13),0.0779
423,Sendaisoushi ~ Offering To The Sukhavati,4.68 (20),0.0779
424,Myst Iii: Exile The ,3.63 (12),0.0780
425,Donkey Kong Country 2 ~diddy's Kong Quest~ Serious Monkey Business,4.04 (23),0.0781
427,Nesshou Street Fighter Ii,3.64 (14),0.0781
428,Virtua Fighter,3.54 (13),0.0782
429,Zero Wing,4.00 (11),0.0784
430,"Kanon Arrange Best Album ""recollections",3.86 (11),0.0785
431,Touch! Generations Sound Track,4.19 (16),0.0787
433,Halo 2   ,3.31 (16),0.0787
434,Metal Gear Solid  Game ,4.27 (11),0.0788
435,Tenchu 4  ,4.25 (12),0.0789
436,Professor Layton Vs Gyakuten Saiban Magical Mystery Music,4.32 (11),0.0790
437,Summoning Of Spirits: An Arrangement Of Music From Tales Of Phantasia And Tales Of Symphonia,3.62 (26),0.0790
438,Ghost In The Shell Stand Alone Complex Solid State Society O.S.T.,4.32 (11),0.0790
440,Metal Kombat For The Mortal Man,4.50 (11),0.0794
441,Guild Wars 2  Game ,4.16 (16),0.0794
442,Twilight Symphony,4.58 (12),0.0794
443,Sega Piano Nocturne,4.04 (12),0.0794
444,Mighty Switch Force 2 Official ,4.00 (12),0.0796
445,Armored Core  Best Track,3.68 (11),0.0796
446,Luminous Arc  S,3.73 (13),0.0796
447,Bioshock Orchestral Score,3.86 (14),0.0797
448,Perfect Selection Twinbee,4.04 (12),0.0797
449,Hitman: Contracts  ,4.15 (13),0.0797
450,Final Fantasy Crystal Chronicles Echoes Of Time  ,3.76 (17),0.0798
451,Suzuno=miya Ar Tonelico Iii Hymmnos Concert Side. Red,3.92 (13),0.0801
452,Shigatsu Wa Kimi No Uso  Song & ,3.86 (14),0.0801
453,The Seven Deadly Sins  ,4.36 (29),0.0802
454,Magna Carta Ii  Sound Track,3.59 (11),0.0803
455,Rockman X8  ,4.07 (15),0.0804
456,Raiden Iv  Sound Track -ultimate Of Raiden-,4.29 (12),0.0806
457,Symphonic Suite Dragon Quest Iv: Guided People,3.86 (11),0.0809
459,Chaos Rings Ii - -,4.08 (12),0.0811
460,3d Dot Game Heroes  ,3.83 (12),0.0814
461,Rockman X7  ,3.92 (13),0.0814
462,The Oneups ,3.74 (19),0.0815
463,Sonic R,4.12 (21),0.0816
464,Vampire Sound Box,4.41 (11),0.0817
465,Biohazard 6  ,3.71 (17),0.0818
466,Naraku No Hana / Eiko Shimamiya,4.29 (14),0.0820
467,Advent Rising - Music From The Video Game,4.27 (15),0.0821
468,Lord Of Apocalypse  ,3.79 (14),0.0821
469,The Music Of Diablo 1996 - 2011: Diablo 15 Year Anniversary,4.43 (14),0.0826
470,Genso Suikoden Iii  ,3.63 (19),0.0826
471,Maken X  Sound Tracks,3.91 (11),0.0826
472,The Legend Of Zelda: Ocarina Of Time,4.03 (16),0.0826
473,F-zero X: Style Arrangements,4.50 (13),0.0827
474,Manabu Namiki Works ~ Operation Ragnarok ~,3.68 (11),0.0828
475,Ridge Racers 2 Direct Audio,4.19 (13),0.0828
476,Mariokart Wii Platinum ,4.00 (20),0.0829
478,Kleene,4.23 (11),0.0830
479,Virtua Fighter 3 Sound Tracks,4.14 (11),0.0831
480,Feel / Go Dream Yuna & Tidus,3.63 (15),0.0832
481,Guilty Gear Xrd -sign-  Sound Track,4.50 (12),0.0832
482,Skullgirls  ,4.25 (14),0.0833
483,Devil Survivor 2  Sound Track,3.71 (14),0.0833
484,Naruto  ,4.57 (14),0.0834
485,The Last Story: The Premium ,3.64 (14),0.0835
486,Machinarium Bonus Ep,4.00 (12),0.0835
487,Byousoku 5 Centimeter S,4.29 (12),0.0836
488,F-zero The Transmitter,4.03 (15),0.0837
489,Dissidia 012[duodecim] Final Fantasy  ,3.61 (14),0.0838
490,Chanting The Moon ~tsukikanade~ Ar Tonelico Hymmnos Concert Side Crimson,4.42 (13),0.0838
491,Jiyuu E No Shingeki / Linked Horizon,3.50 (16),0.0839
492,Never More -reincarnation:persona4-,4.00 (11),0.0841
493,Transistor  ,3.82 (11),0.0842
494,I.Q Intelligent Qube & I.Q Final Perfect Music File,4.00 (11),0.0842
495,Grimgrimoire,3.50 (13),0.0843
496,Thieves Of Fate: Radical Dreamers Remix Project,3.97 (18),0.0843
497,Dark Souls Ii,3.44 (16),0.0844
498,Free!   Ever Blue Sounds,4.31 (13),0.0845
499,Megalomania,4.04 (12),0.0845
500,Ys Iii J.D.K. Special,3.83 (12),0.0846
501,Secret Of Mana Genesis / Seiken Densetsu 2 Arrange Album,3.18 (25),0.0847
502,Dark Souls Iii  ,3.53 (15),0.0847
503,The Legend Of Dragoon  ,3.75 (16),0.0848
504,Amrita,4.46 (12),0.0849
505,Myst ,4.00 (13),0.0849
506,Gargantia On The Verdurous Planet  ,4.00 (15),0.0850
507,Under Defeat -extended Tracks-,4.08 (12),0.0850
508,Remastered Tracks Rockman Zero Telos,4.37 (15),0.0851
509,Blazblue Song Accord #1 With Continuum Shift,4.18 (11),0.0852
510,Earthworm Jim Anthology,4.46 (12),0.0853
511,Ar Tonelico Iii: Sekai Shuuen No Hikigane Wa Shoujo No Uta Ga Hiku  ,4.04 (12),0.0853
512,Kirby Wii Music Selection,4.21 (12),0.0854
513,The Banner Saga,4.00 (13),0.0854
514,Bayonetta 2  ,3.50 (20),0.0854
515,Cradle -touhou Gengaku Shiten-,3.96 (12),0.0854
516,Ray'z Premium Box -beyond-,4.77 (11),0.0855
518,Gatchaman Crowds  ,4.18 (17),0.0856
519,Super Donkey Kong 3 Mysterious Kremis Island  ,3.81 (13),0.0856
520,Perfect Collection Sorcerian ,3.32 (11),0.0856
521,Project Chaos: A Sonic 3 And Knuckles Arrangement Album,4.00 (20),0.0857
522,Fire Emblem: Shin Ankoku Ryuu To Hikari No Ken  ,3.50 (13),0.0858
523,Hoshi No Kirby Robobo Planet  ,4.88 (12),0.0859
524,Phantasy Star Online Songs Of Ragol Odyssey  ~episode 1&2~,4.06 (16),0.0859
525,Far Cry 3: Blood Dragon  ,4.39 (14),0.0860
526,Ryu Ga Gotoku & Ryu Ga Gotoku 2  Sound Track,4.23 (13),0.0862
527,Bloodborne  ,4.13 (15),0.0863
528,Kyousougiga Music Collection,4.62 (13),0.0863
529,Madworld  ,3.38 (20),0.0863
530,Witch On The Holy Night  ,4.81 (13),0.0864
532,Piano Arrange: Radiant Historia,4.08 (13),0.0867
533,Tsukino Akari -final Fantasy Iv Theme Of Love-,4.70 (15),0.0867
534,Dragon Quest Suite,3.77 (13),0.0868
535,Tekken Blood Vengeance  ,3.82 (11),0.0868
536,Fairy Tail   ,4.65 (17),0.0869
537,After All...,4.27 (11),0.0870
538,Diablo Ii ,4.50 (16),0.0870
539,Music From Star Trader,3.63 (12),0.0871
540,Banjo-kazooie Game ,4.32 (14),0.0872
542,Phantasy Star Online Episode I & Ii Premium Arrange,3.62 (13),0.0873
543,Dimension W  : Resonance W,4.27 (11),0.0874
544,Shin Megami Tensei Iv Final  ,4.00 (12),0.0874
545,Retro Future Girls,4.50 (14),0.0875
546,Celestial Music Record Of All Mankind ~ Touhou Hisouten  Sound Track,4.29 (12),0.0875
547,Assassin's Creed  Game ,3.88 (12),0.0875
548,Innocence O.S.T.,4.68 (11),0.0876
549,Ridge Racer 7 : Direct Audio,3.42 (13),0.0877
550,Halo: Reach  ,3.92 (13),0.0877
551,Music From Ys Renewal,3.64 (11),0.0878
552,Trine  ,4.32 (17),0.0878
553,Pokemon X/Y,3.88 (20),0.0880
554,Music From Jesus Kyoufu No Bio-monster,3.62 (13),0.0880
555,Redline  ,4.82 (11),0.0881
556,Driving Emotion Type-s / Bushido Blade  ,3.96 (14),0.0882
557,Arc The Lad  Game Sound Track,3.93 (14),0.0883
560,Ten Plants,3.21 (14),0.0887
562,Garou Densetsu / Last Resort,4.09 (11),0.0888
563,I Am Rapture - Rapture Is Me: Official Bioshock Score,4.00 (14),0.0888
564,Genso Suikoden Iii Music Collection ~rustling Of The Wind~,4.13 (12),0.0888
566,Professor Layton And The Diabolical Box  ,3.81 (13),0.0889
567,The Legend Of Zelda: Majora's Mask 3D,4.32 (11),0.0891
568,The Legend Of Heroes: Sen No Kiseki  ,4.66 (16),0.0893
569,The King Of Fighters '95 Arrange Sound Trax,4.05 (11),0.0893
571,Makai Senki Disgaea  ,3.68 (11),0.0894
572,Gran Turismo 3 A-spec  Game ,3.77 (13),0.0895
573,Sekaiju To Fushigi No Dungeon  Sound Track,4.62 (13),0.0895
574,Shirokishi Monogatari -inishie No Kodou-  ,3.83 (12),0.0896
575,Sakura Note ~ima Ni Tsunagaru Mirai~ Oto No Okurimono,3.78 (18),0.0897
576,Higurashi No Naku Koro Ni / Eiko Shimamiya,4.54 (14),0.0898
577,Persona 4,4.09 (16),0.0899
578,Ys Piano Collection,3.08 (12),0.0899
579,Persona Music Live Band,4.06 (16),0.0900
580,Retro Remix Revue: ,4.29 (12),0.0901
581,"Fz Series ""axis",3.79 (12),0.0901
582,Tales Of Series Battle Arrange Tracks,4.11 (14),0.0902
583,Midi Power Pro 7 ~gradius~,4.14 (11),0.0902
584,428 ~fuusasareta Shibuya De~  ,3.92 (12),0.0903
585,Sacred Factor,4.17 (12),0.0904
586,Sword Art Online   ,4.06 (18),0.0908
587,Command & Conquer  Collection,4.68 (11),0.0908
588,Soldner-X 2,4.19 (13),0.0909
589,Magico Catastrofe,4.83 (20),0.0910
590,Do-don-pachi Dai-fukkatsu  Sound Track For Iphone / Ipod Touch,3.41 (16),0.0910
591,.Hack//liminality  ,4.08 (12),0.0911
592,Tokyo Mono Hara Shi Karasunomorigakuen Kitan Gakusou,4.63 (15),0.0911
593,Dark Souls,4.18 (14),0.0911
594,"Maneuver Cepter ""granada",3.62 (13),0.0911
595,Shin Megami Tensei Nine Premium Sound Trax,3.79 (12),0.0913
596,Hotline Miami ,4.67 (15),0.0913
597,Super Metroid: Relics Of The Chozo,4.06 (16),0.0914
598,D2  Sound Track,4.31 (13),0.0915
599,The Legend Of Heroes: Zero No Kiseki Super Arrange Version,4.10 (15),0.0915
601,Perfect Selection Xexex,4.36 (11),0.0915
602,Biohazard Revelations  ,4.07 (14),0.0917
603,Assassin's Creed Iii  Game ,3.38 (16),0.0918
604,Super Street Fighter Iv,4.27 (11),0.0919
605,Jin-roh  Motion Picture ,4.45 (11),0.0921
606,Twinbee Paradise Sound Fantasia,4.00 (11),0.0923
607,"Re:birth Ii -sen- / ""saga"" Battle Arrange",4.23 (15),0.0924
608,The Legend Of Zelda: Twilight Princess HD,4.27 (13),0.0924
609,Haibane Renmei  Hane No Ne,4.50 (11),0.0924
610,Arc The Lad Twilight Of The Spirits  Game ,3.96 (14),0.0925
612,The Answer - Armored Core Tribute Album -,4.66 (16),0.0925
613,Varth: Operation Thunder Storm -g.S.M. Capcom 6-,4.15 (13),0.0925
614,Namco Game Sound Express ,4.25 (12),0.0926
615,Medievil: Resurrection  ,4.34 (16),0.0927
616,Yuke Yuke Trouble Makers  ,4.33 (12),0.0927
618,We Are Rock-men!,3.79 (17),0.0928
619,Killer Instinct Gold ,3.81 (13),0.0930
620,The Legend Of Legacy  ,3.97 (17),0.0930
621,Tales Of Rebirth  ,3.34 (16),0.0930
622,The End Of Evangelion,4.62 (17),0.0930
623,Bakemonogatari Complete Music Works Songs & S,4.47 (17),0.0931
624,Blossom,4.42 (18),0.0931
625,Capcom Vs. Snk 2 Millionaire Fighting 2001  ,3.96 (13),0.0932
626,Provincialism Ys,3.64 (14),0.0933
627,25th Anniversary Rockman Techno Arrange Ver.,3.59 (16),0.0933
628,Vanquish  ,3.41 (17),0.0933
629,Burning Rangers Sound Track,4.29 (12),0.0933
630,"Nhk Special ""uchuu Namachuukei Suisei Bakuhatsu Taiyoukei No Nazo""  ",4.12 (13),0.0934
631,Blazing Star,3.86 (11),0.0936
632,Neon Genesis Evangelion Iii,3.70 (15),0.0936
633,Naruto Shippuden  Sound Track Ii,4.86 (18),0.0937
634,Splatoon   -splatune-,4.04 (14),0.0939
636,The Legend Of Zelda: A Link Between Worlds,4.63 (15),0.0940
637,Replica*,4.36 (11),0.0941
638,Primal   Score Recording,3.88 (13),0.0942
639,Final Fantasy Crystal Chronicles Ring Of Fates  ,3.58 (19),0.0942
640,Final Fantasy Vii Advent Children Complete Reunion Tracks,4.03 (15),0.0943
641,Kiri No Mukou Ni Tsunagaru Sekai / Haruka Shimotsuki + Revo,4.92 (13),0.0943
642,Battle Sq [],3.54 (12),0.0944
643,Devil Summoner: Kuzunoha Raidou Tai Chouriki Heidan Complete Music Works,4.03 (15),0.0944
644,Rockman 10 Image ,3.81 (18),0.0944
645,Final Fantasy Type-0   [],3.88 (20),0.0945
646,Umineko No Naku Koro Ni Episode.1   Essence,4.00 (12),0.0946
647,Deus Ex: Game Of The Year Edition ,4.03 (16),0.0946
648,Anata Wo Yurusanai  ,3.75 (14),0.0948
649,Sorcerian Super Arrange Version,4.14 (11),0.0948
650,Fable  ,3.76 (17),0.0949
651,Espgaluda Ii  Sound Track,3.85 (13),0.0949
652,The King Of Fighters Xiii  ,4.06 (16),0.0950
654,Majin Tensei Ii Excellence Sound Collection,4.23 (13),0.0952
655,Alan Wake  Score,3.88 (16),0.0952
656,Sound Fantasy Romancia,4.04 (13),0.0952
657,Fable Iii  ,4.23 (11),0.0953
658,Sinen Ni Nozomu Ga Gotoshi,4.57 (14),0.0954
659,Final Fantasy V   Remaster Version,4.45 (11),0.0955
660,Starfox 64  ,3.92 (13),0.0955
661,Mana-khemia  ,4.14 (14),0.0955
662,The King Of Fighters Xi Sound Collection,4.04 (12),0.0957
663,Mario Kart 64 Race Tracks,3.79 (14),0.0957
664,Let The Winds Blow: Phantasy Star Online Episode Iii C.A.R.D. Revolution  Sound Track,4.18 (11),0.0957
665,Poptrick,4.41 (11),0.0958
666,Il Mondo Dove E Finito Il Tempo,4.43 (20),0.0958
667,Headhunter: Redemption / Headhunter   Recording,4.29 (12),0.0959
668,Metal Gear Acid & Acid 2,3.58 (13),0.0960
669,Super Mario Bros. 3 Akihabara Electric Circus,4.04 (12),0.0960
670,"Under Defeat Hd ""new Order"" ",3.85 (13),0.0960
671,Remember Me  ,3.88 (16),0.0960
672,Mega Selection -g.S.M. Sega-,4.42 (12),0.0960
673,Tekken 7 ,4.08 (13),0.0961
674,Kabaneri Of The Iron Fortress  ,4.14 (43),0.0961
675,Super Retro Game,3.73 (11),0.0963
676,Namco Game Sound Express ,3.89 (14),0.0963
677,Donkey Kong Returns  Sound Track,3.87 (23),0.0963
678,Kiseiju  ,4.22 (18),0.0964
679,American Mcgee's Alice  Music Score,4.22 (16),0.0965
680,The Elder Scrolls Iii: Morrowind  ,3.83 (15),0.0967
681,Genso Suikoden Arrange Collection ,3.88 (12),0.0967
682,Chaos Theory / Amon Tobin,4.05 (19),0.0967
683,Assassin's Creed Revelations  Game  - The Complete Recordings,4.42 (12),0.0968
684,Zero Divide  Game ,4.81 (13),0.0969
685,Darksiders Ii  ,4.35 (13),0.0969
686,Riviera ~the Promised Land~ Perfect Audio Collection Plus,4.27 (11),0.0969
687,Nier:automata Arranged & Unreleased Tracks,3.63 (15),0.0972
688,Gran Turismo 2  Game ,4.05 (11),0.0972
689,Aquaria  ,4.57 (14),0.0973
690,Oboromuramasa Genrokukaikitan  ,4.50 (13),0.0974
692,Sword Maniac,3.83 (12),0.0974
693,Persona4 The Golden  ,3.53 (17),0.0976
694,Gunstar Heroes,4.27 (15),0.0976
695,Bionic Commando Rearmed,4.27 (13),0.0977
696,Saga 3 Jikuu No Hasha: Shadow Or Light  ,3.89 (14),0.0978
697,Black Ocean / Imeruat,4.20 (15),0.0979
699,Rule Of Rose ~ Songs From The  ,4.64 (14),0.0980
701,Adventures Of Mana  ,4.00 (17),0.0982
702,Alien Soldier,4.36 (11),0.0982
703,The Greatest Video Game Music,3.29 (19),0.0982
704,Pokemon Omega Ruby/Alpha Sapphire,4.85 (13),0.0982
705,Blazblue Phase Iii Chronophantasma  ,4.19 (13),0.0982
706,Noir   Ii,4.00 (12),0.0983
707,Giana Sisters: Twisted Dreams  ,4.33 (12),0.0984
708,Rainbow Moon Melodies  ,4.27 (11),0.0986
709,The Binding Of Isaac,4.00 (18),0.0987
710,Yuusha 30 Sou  ,4.21 (17),0.0988
711,Pop'n Twinbee,4.07 (14),0.0988
712,Gran Turismo 5  Game ,4.00 (12),0.0989
713,The Orange Box  ,4.15 (13),0.0989
714,Musou Materialise,4.88 (13),0.0989
715,Perfect Dark Zero  ,3.67 (15),0.0990
716,Vampire: The Night Warriors Arcade Gametrack,3.83 (12),0.0992
717,Street Fighter Ex -arrange Sound Trax-,4.17 (12),0.0992
718,Kingdom Hearts -final Mix- Additional Tracks,3.81 (13),0.0992
719,Nights ~hoshi Furu Yoru No Monogatari~  ,4.16 (16),0.0993
720,The Legend Of Zelda: Ocarina Of Time ,3.62 (17),0.0993
721,Xanadu Next  Sound Track,3.92 (12),0.0993
722,Metal Gear Solid Portable Ops  ,3.83 (12),0.0995
723,Panty & Stocking With Garterbelt The  ,4.23 (13),0.0996
724,Remastered Tracks Rockman Zero Physis,4.47 (16),0.0996
725,Guten Talk,4.23 (11),0.0997
726,Stolen Hearts / Nanaa Mihgo's,4.39 (14),0.0997
727,Crysis 2  Videogame ,4.59 (17),0.0998
728,Umineko No Naku Koro Ni Musicbox Blue,4.33 (12),0.0998
729,World Of Final Fantasy  ,4.16 (16),0.0998
730,Celestial Score,4.08 (12),0.0998
731,Rockman Exe Transmission Sound Track,4.00 (12),0.0999
732,Message,3.92 (12),0.0999
733,Merregnon  ,4.00 (11),0.1002
734,Armored Core 4  ,4.41 (11),0.1004
735,Katamari Damacy Tribute  : Katamari Takeshi,4.77 (11),0.1004
736,Guilty Crown  ,4.47 (32),0.1004
737,Panzer Dragoon Ii Zwei  ,4.13 (16),0.1004
738,Before Crisis -final Fantasy Vii- & Last Order -final Fantasy Vii-  ,3.88 (20),0.1005
739,La Tale,4.55 (11),0.1005
740,Mother,3.97 (15),0.1006
741,Violin De Hiite Mita Ep2 ~ Maou No Gyakushuu / Scream No Hito,4.54 (12),0.1009
742,Rewrite  ,4.32 (19),0.1010
743,Diddy Kong Racing  ,3.75 (16),0.1011
744,Vampire Hunter: Darkstalkers' Revenge Arcade Gametrack,4.00 (11),0.1011
745,Lost Child  Sound Track From S.S.H Side-b,4.35 (13),0.1012
746,Age Of Mythology  ,4.36 (11),0.1013
747,Mobile Suit Gundam Unicorn  ,4.87 (39),0.1015
748,Super Mario Bros. 3,4.38 (13),0.1015
749,Navigatoria / Akiko Shikata,4.64 (11),0.1015
750,Donpachi,3.65 (13),0.1017
751,Guin Saga  ,4.27 (11),0.1019
752,Another Eden  ,4.27 (11),0.1019
753,Okami Gojuu No Shirabe,3.70 (20),0.1019
754,Contra Dual Spirits  ,3.86 (11),0.1021
755,Dead Rising  ,3.83 (15),0.1022
756,Brandish -the Dark Revenant-  Sound Track,4.14 (14),0.1023
757,Macross The Complete,4.77 (11),0.1023
758,No Reality  ,4.83 (12),0.1024
759,Strider Hiryu -g.S.M. Capcom 2-,3.75 (12),0.1025
760,Plants Vs. Zombies  ,4.04 (13),0.1025
761,Clannad Remix Album -memento-,4.12 (13),0.1026
762,The King Of Fighters 2002  Sound Trax,4.59 (11),0.1026
763,No More Heroes 2 Desperate Struggle  Sound Tracks,4.25 (14),0.1028
764,Symphonic Suite Dragon Quest I & Ii,4.00 (11),0.1028
765,Famicom 20th Anniversary Arrange Sound Tracks,3.79 (19),0.1029
766,Biohazard The Umbrella Chronicles  Sound Track,4.00 (11),0.1030
767,Valkyrie Profile -covenant Of The Plume- Arrange Album,3.96 (12),0.1030
768,Game Sound Collection ,4.00 (11),0.1030
770,Atlantis: The Lost Tales,4.14 (11),0.1031
771,"Higurashi No Naku Koro Ni Kai  Sound Version & Extra Sounds ""thanks/you",4.71 (12),0.1031
772,Guilty Gear 2 Overture   ,4.36 (11),0.1031
773,Sonic The Hedgehog Boom,4.23 (15),0.1032
774,Naruto Shippuden  Sound Track,4.67 (21),0.1033
775,Music From Super Contra & A-jax,3.80 (15),0.1033
777,Sound Of Double Dragon,4.50 (12),0.1034
778,Blood Of Bahamut  ,3.86 (14),0.1034
779,Final Fantasy Orchestral Album,4.72 (16),0.1034
780,Fuujin Ryouiki Eretzvaju  ,4.29 (14),0.1036
781,Valkyrie Profile Voice Mix Arrange,3.47 (17),0.1036
782,Rockmanzero The Complete Works Of Game Music,4.46 (14),0.1038
783,Elder Gate  ,4.08 (12),0.1038
784,"Beautiful Katamari Damacy   ""katamari Suteki Damacy",4.21 (14),0.1039
785,Sonic The Hedgehog  Sound Track,4.39 (18),0.1039
786,Fairy Tail   ,4.22 (16),0.1040
787,Xenoblade2   [type B],4.79 (26),0.1040
788,R-type Final  Sound Tracks,3.70 (15),0.1041
789,Star Ocean -the Last Hope- Arrange ,3.88 (16),0.1042
790,"Bayonetta Preorder Purchase Bonus   ""rodin's Selection",4.40 (15),0.1042
791,Professor Layton And The Curious Village  ,3.79 (17),0.1043
792,Wanderers From Ys Super Arrange Version,3.77 (13),0.1045
793,Guilty Gear Xx Sound Alive / A.S.H.,3.87 (15),0.1045
794,Yoru No Nai Kuni Official Sound Track,4.42 (13),0.1046
795,Wanderings,4.41 (11),0.1046
796,The Legend Of Heroes Zero No Kiseki  ,4.00 (13),0.1046
797,Tales Of Destiny  ,3.75 (12),0.1047
798,Cowboy Bebop   3 Blue,3.65 (13),0.1047
799,Street Fighter V  ,4.03 (15),0.1047
800,Ninja Gaiden,4.21 (12),0.1047
801,"Symphonic Poem ""hope"" []",3.81 (13),0.1050
802,The Oneups ,4.10 (15),0.1050
803,Let's Tap ,3.75 (16),0.1051
804,Silent Hill Downpour  ,3.97 (17),0.1054
805,Dissidia 012[duodecim] Final Fantasy   [],3.77 (26),0.1056
806,Beyond Good & Evil,4.19 (18),0.1056
807,Dragon Quest Ix Hoshizora No Mamoribito Synthesizer &  ,4.14 (11),0.1056
808,Front Mission 4 Plus 1st  ,3.96 (12),0.1057
809,The Vanishment Of Haruhi Suzumiya  ,4.58 (12),0.1058
810,Namco Game Sound Express ,4.04 (14),0.1060
811,Wanderings Ii,4.19 (13),0.1062
812,"Attack On Titan""   Ii",3.94 (48),0.1062
813,Genso Suikogaiden ,4.50 (13),0.1062
814,Neon Genesis Evangelion Ii,3.93 (15),0.1063
815,Valkyrie Profile -covenant Of The Plume-  Sound Track,3.86 (14),0.1065
816,Final Fantasy Xiv - Eorzean Frontiers,4.05 (11),0.1067
817,Cyber Org  ,4.08 (12),0.1067
818,Granado Espada  Sound Track ,4.19 (18),0.1067
819,Parodius Da! -shinwa Kara Owaraihe-,3.77 (11),0.1069
820,Falcom J.D.K. Band 2 / Dalk Fukt No Gyakushuu,4.14 (14),0.1070
821,Evergrace  ,4.59 (11),0.1070
822,Doom Music,4.09 (11),0.1072
823,Raka / Akiko Shikata,4.75 (16),0.1073
824,Genso Suikoden Music Collection Produced By Hiroyuki Namba/played By Yajuh-ohkoku,4.25 (16),0.1073
825,Sonic Lost World   Without Boundaries,4.10 (15),0.1074
826,Cowboy Bebop   2 No Disc,3.75 (12),0.1074
827,"Makoto Shinkai Image Album ""promise",4.60 (15),0.1075
828,Falcom Boss Zanmai,3.82 (17),0.1076
829,Sakiya=rumei Ar Tonelico Iii Hymmnos Concert Side. Blue,4.37 (15),0.1076
830,Piano Opera Final Fantasy Vii/viii/ix,4.19 (16),0.1083
831,Capcom Music Generation Area 88  ,3.73 (13),0.1083
832,Street Fighter Iii 2nd Impact Giant Attack  Sound Track,4.29 (12),0.1084
833,Final Fantasy V Mambo De Chocobo,3.77 (11),0.1085
834,Heavensward: Final Fantasy Xiv  ,4.18 (17),0.1086
835,Nintendo Sound Selection ,4.09 (17),0.1087
836,Ghost Trick  Sound Track,4.53 (18),0.1087
838,Street Fighter Zero3  ,3.88 (21),0.1089
839,Tales Of Destiny2  ,3.71 (19),0.1091
840,Soldner-x: Himmelsstarmer Complete Edition  ,3.75 (12),0.1091
841,After Burner 20th Anniversary Box,4.43 (14),0.1094
842,Project Sylpheed  ,4.12 (17),0.1095
843,Nintendo Sound Selection ,3.92 (19),0.1097
844,Winbee's Neo Cinema Club ~evergreen~,4.15 (13),0.1097
845,Hexyz Force  Sound Track,4.36 (11),0.1097
846,G-darius  Arcade Score,4.54 (12),0.1099
847,Takahashimeijin No Daiboukenjima,3.97 (15),0.1099
848,Mortal Kombat Ii,4.17 (15),0.1099
849,Hanjuku Hero Vs 3d  ,3.74 (17),0.1100
850,Phantasy Star Online  Sound Track,4.23 (20),0.1100
851,Shin Sekaiju No Meiq Millennium No Shoujo  ,4.14 (18),0.1101
852,Ninja Gaiden  Sound Trax,4.18 (14),0.1101
853,Terror In Resonance  ,4.31 (18),0.1101
854,Shin Megami Tensei: Devil Summoner 2: Raidou Kuzunoha Vs. King Abaddon ,4.18 (14),0.1102
855,Guwange / Esp Ra.De.  Sound Track,4.03 (17),0.1103
856,Ganbare Goemon: Yukihime Kyuushutsu Emaki,4.33 (12),0.1103
857,Viewtiful Joe + Viewtiful Joe 2  ,4.04 (13),0.1103
858,Land Stalker ~koutei No Zaihou~,4.14 (14),0.1104
859,Halo 3  ,3.43 (22),0.1105
860,Rhapsodia  ,3.82 (14),0.1105
861,Competition / Sega Rally Championship Complete,4.05 (11),0.1106
862,Distant Worlds: Music From Final Fantasy Returning Home,4.38 (20),0.1107
863,Classic Dungeon ~fuyoku No Masoujin~  ,4.64 (11),0.1107
864,Code Geass Lelouch Of The Rebellion R2 O.S.T.,4.62 (13),0.1108
865,Star Ocean Blue Sphere Arrange&sound Trax,4.07 (15),0.1110
866,Perfect Collection Sorcerian ,3.96 (13),0.1111
868,Murmur,4.25 (12),0.1112
869,Panzer Dragoon Orta Official ,4.50 (15),0.1113
870,Deltora Quest Seven Jewels  ,3.78 (18),0.1116
871,Vent ~ Grandia Arrange Version,3.42 (19),0.1116
872,Danganronpa  ,4.25 (18),0.1117
873,Suite Dragon Quest Ii -gods Of The Evil Spirits-,4.19 (13),0.1119
874,Final Fantasy Vi: Balance And Ruin,4.23 (22),0.1119
875,Gyakuten Saiban 4  ,3.56 (17),0.1120
876,Raystorm,4.38 (12),0.1120
877,Front Mission 2   [],4.18 (11),0.1121
878,Complete Trinity: Sonic Heroes -  Soundtrax,4.04 (24),0.1121
879,Ghost In The Shell  ,4.36 (11),0.1122
880,Berserk  ,4.86 (14),0.1123
881,World Of Goo ,4.38 (16),0.1123
882,Game Sound Museum ~famicom Edition~ 01 Super Mario Bros.,4.50 (11),0.1123
884,Time Travelers  ,3.73 (15),0.1123
885,Kingdom Hearts  ,4.39 (18),0.1126
887,Super Street Fighter Ii Turbo Hd Remix Official  / Overclocked Remix,3.42 (25),0.1127
888,Streets Of Rage Remake,4.54 (12),0.1127
889,Devil May Cry 4  ,4.00 (16),0.1128
890,The Legend Of Zelda: Twilight Princess,3.26 (27),0.1128
891,Sonic The Hedgehog 10th Anniversary,4.46 (13),0.1130
892,Final Fight -g.S.M. Capcom 3-,4.00 (12),0.1130
893,Atelier Rorona  Sound Track,4.30 (22),0.1131
894,Symphonic Fantasies Tokyo,4.96 (13),0.1132
895,Press Start The 5th Anniversary,4.30 (15),0.1132
896,"Kokoro / Joanne Hogg Theme From ""xenosaga Episode I",3.95 (11),0.1132
897,Zone Of The Enders Z.O.E  ,4.03 (16),0.1133
898,Inazuma Eleven  ,3.90 (15),0.1135
899,Namco Game Sound Express ,3.96 (13),0.1135
900,Tenchi Wo Kurau Ii: The Battle Of Red Cliff -g.S.M. Capcom 7-,4.27 (13),0.1135
901,.Hack//g.U. Game Music O.S.T.,4.32 (14),0.1136
902,Angel Beats!  ,4.16 (22),0.1136
903,Seiken Densetsu Ds Children Of Mana - -,3.64 (14),0.1137
904,Gokujou Parodius,4.36 (14),0.1138
905,The Elder Scrolls Iii: Morrowind Special Edition ,4.20 (15),0.1138
906,Noir   I,4.03 (17),0.1140
907,Street Fighter Iii: New Generation,4.00 (12),0.1140
908,Nobuo Uematsu's 10 Short Stories,3.92 (13),0.1140
909,Ys Zanmai,3.97 (16),0.1141
910,Do-don-pachi Dai-fukkatsu Arrange Album,3.56 (17),0.1141
911,Octave Theory,3.76 (25),0.1143
912,Aldnoah.Zero  ,4.19 (34),0.1144
913,The Legend Of Heroes Sora No Kiseki The 3rd  Sound Track,4.40 (15),0.1144
914,Contra 4: Rocked 'n' Loaded,4.28 (18),0.1145
917,Soul Edge Arcade Edition  Sound Track Super Battle Sound Attack,3.92 (13),0.1148
918,Flame ~homura Ar Tonelico Ii Hymmnos Concert Side Crimson,4.23 (15),0.1148
919,Melody Of Legend ~ Chapter Of Love,3.61 (14),0.1148
920,The Second Apocalypse: Ketsui ~kizunajigokutachi~ Perfect Sound Track,3.86 (11),0.1148
921,God Eater 2 & God Eater 2 Rage Burst  ,4.34 (19),0.1149
922,The Bouncer  ,3.61 (14),0.1150
923,Mother,4.03 (18),0.1150
925,Singing The Stars ~hoshiyomi~ Ar Tonelico Hymmnos Concert Side Blue,4.56 (16),0.1150
926,Rockman Zero Collection  - Resonnant Vie -,4.28 (18),0.1151
927,Ace Combat 3d: Cross Rumble  ,3.78 (18),0.1151
928,Mother3i,3.81 (13),0.1154
929,Genso Suikoden Tsumugareshi Hyakunen No Toki  ,4.23 (11),0.1154
930,To The Moon  ,4.40 (15),0.1154
931,Do-don-pachi Dai-fukkatsu Black Label Arrange Mode Album,3.77 (15),0.1154
932,Puella Magi Madoka Magica Music Collection,4.38 (21),0.1156
933,Super Mario Sound Collection,4.19 (16),0.1157
934,Perfect Selection Snatcher & Sd Snatcher,4.20 (15),0.1157
935,Front Mission 5 ~scars Of The War~  ,4.00 (12),0.1157
936,Chrono Cross ~memory Of Music~,3.93 (15),0.1161
937,Video Games Live: ,3.29 (21),0.1165
938,Calling All Dawns,4.53 (16),0.1166
940,World Of Warcraft ,4.00 (15),0.1167
941,Bushido Blade 2  ,4.21 (14),0.1168
943,Final Fantasy Xi Chains Of Promathia  ,3.67 (18),0.1169
944,Mushihimesama Cave Festival Ver1.5 -arrange Album-,3.88 (13),0.1170
945,Lagrange Point,4.42 (12),0.1171
946,Dragon's Dogma  ,3.94 (17),0.1171
947,Perfect Selection Sound Racing History,4.42 (13),0.1171
948,Valkyrie Profile -lenneth- Arrange Album,4.29 (14),0.1174
949,Frontier Gate  ,4.00 (14),0.1176
950,Namco Game Sound Express ,4.18 (17),0.1177
951,Atelier Escha & Logy -alchemist Of Dusk Sky-  ,4.21 (17),0.1177
952,Abandoner  Sound Track,4.53 (15),0.1177
954,Senko No Ronde Dis-united Order Sound Track,4.04 (14),0.1180
955,Gyakuten Saiban 5  ,4.18 (14),0.1181
956,Cadenza -gyakuten Saiban 1-,4.30 (15),0.1181
957,Wangan Midnight Maximum Tune 4  ,3.72 (16),0.1182
958,Ganbare Goemon~neo Momoyama-bakufu No Odori~  Game ,4.43 (15),0.1182
959,Street Fighter Ex,4.07 (14),0.1183
960,Escaflowne  Sound Track,4.46 (13),0.1183
961,Tekken4  Sound Tracks,3.75 (12),0.1183
962,Soukyugurentai  ,3.73 (15),0.1184
963,Devil May Cry O.S.T.,4.50 (11),0.1184
964,Pachislot Akumajo Dracula  ,3.69 (18),0.1185
965,Okamiden ~chiisaki Taiyou~ Oto To Hikari No Tamatebako,4.91 (11),0.1185
966,Labyrinth No Kanata  ,4.50 (15),0.1187
967,Rockman Zx : Zx Tunes,4.52 (23),0.1187
968,Code Geass Lelouch Of The Rebellion O.S.T.,4.54 (12),0.1188
969,Detana Twinbee / Konami Kukeiha Club,4.41 (11),0.1189
970,Tenkuu No Shiro Laputa  -hikouseki No Nazo-,4.21 (12),0.1189
971,Dune - Spice Opera,4.47 (16),0.1190
972,Shin Megami Tensei Iv  ,3.91 (29),0.1192
973,Nintendo All Star! Dairantou Smash Brothers  ,3.95 (21),0.1194
974,Fez  ,3.69 (18),0.1196
975,Dark Cloud  ,3.88 (17),0.1197
976,Suite Gradius Fantasia,4.12 (13),0.1198
977,Odin Sphere Leifthrasir  ,4.00 (16),0.1198
978,Atelier Shallie -alchemist Of The Sea Of Dusk-  ,4.36 (14),0.1199
979,Enemy Zero  ,4.44 (16),0.1200
980,Technosoft Game Music Collection ,4.33 (12),0.1201
981,Ys Healing,4.04 (14),0.1201
982,The Lunatic: Ibara Remix Tracks,4.10 (15),0.1202
983,Piano Opera Final Fantasy Iv/v/vi,3.74 (23),0.1202
984,Shin Megami Tensei: Digital Devil Saga 2  ,4.18 (17),0.1203
985,Radiata Stories  ,3.77 (15),0.1204
987,Vampire Savior: The Lord Of Vampire,4.07 (14),0.1206
988,Demon's Souls,3.71 (33),0.1207
989,Hospital. -six Doctors-  ,4.53 (17),0.1207
991,Neo Contra  ,4.50 (15),0.1208
992,Guwange Arrange Album +  Sound Track,4.00 (11),0.1209
993,Donkey Kong Country 3: Dixie Kong's Double Trouble!  ,3.77 (22),0.1209
994,Resolution Trigger,4.59 (11),0.1210
995,Red Dead Redemption  ,4.00 (17),0.1210
996,God Of War Iii:   From The Video Game,3.79 (12),0.1213
997,Starcraft Ii: Wings Of Liberty ,4.24 (17),0.1215
998,Shin Onimusha Dawn Of Dreams Special Pack  ,4.25 (16),0.1215
999,Umihara Kawase ,4.50 (14),0.1215
1000,Final Fantasy Xv  ,3.60 (31),0.1216
1001,Heavy Rain  Videogame Score,3.60 (21),0.1217
1002,Square Enix Music Presents Music For Art,4.21 (12),0.1219
1003,Fiction Ii,4.33 (12),0.1220
1004,Space Manbow,4.06 (17),0.1221
1005,Virtua Fighter 2 Sound Track,4.13 (15),0.1224
1006,God Of War ,3.73 (11),0.1224
1007,Ghost In The Shell Stand Alone Complex O.S.T.,4.21 (14),0.1225
1008,Ash: Archaic Sealed Heat  ,3.54 (25),0.1225
1009,Preludio -for All Of You Ff Lovers-,4.59 (11),0.1225
1010,Tales Of Knighthood: Sonic And The Black Knight -  Soundtrax,4.07 (21),0.1226
1011,Ridge Racers Direct Audio,4.37 (15),0.1226
1012,Zero Divide 2: The Secret Wish  ,4.96 (13),0.1226
1013,Space Channel 5  ,4.18 (14),0.1227
1014,Azel -panzerdragoonrpg- Complete Album,4.23 (13),0.1227
1015,Silent Hill Shattered Memories ,3.78 (25),0.1228
1016,Fm Sound Module Maniax,4.46 (13),0.1231
1017,Perfect Collection Dragon Slayer: The Legend Of Heroes,3.95 (11),0.1231
1018,Monster World Complete Collection  Sound Track,4.41 (17),0.1231
1019,The Orchestral Saga -legend Of Music-,4.39 (18),0.1233
1020,Black rock Shooter The Game  ,4.32 (17),0.1233
1021,Broken Thunder -project Thunder Force Vi-,4.33 (15),0.1233
1022,Namco Game Sound Express ,3.91 (17),0.1233
1023,Project Soul The Primary Sound Box -soul Edge ~ Soulcalibur I & Ii-,4.67 (15),0.1234
1024,Scott Pilgrim Vs. The World: The Game  Videogame ,4.40 (21),0.1234
1025,Baroque  ,3.92 (13),0.1235
1027,Ninja Ryukenden -g.S.M. Tecmo 1-,4.42 (12),0.1237
1028,Chrono Trigger Official : Music From Final Fantasy Chronicles,3.92 (13),0.1238
1029,Falcom Vs. Jdk Band 2010 Summer,4.33 (12),0.1238
1030,Rockman 9 Arrange ,3.63 (28),0.1239
1031,Music From Sorcerian,4.41 (11),0.1239
1032,Dragon Force Complete Album,4.58 (13),0.1240
1033,Song Of Saya  ,4.35 (17),0.1240
1034,Lord Of Vermilion Re:2 Fan Kit,3.87 (15),0.1240
1035,Phantom Brave ~ Sound Track~,4.13 (12),0.1241
1037,Estpolis Denki Ii,4.23 (13),0.1243
1038,Gungage  ,4.41 (16),0.1243
1039,Red Dragon  ,4.00 (15),0.1244
1041,Metal Gear Solid V  ,3.35 (17),0.1245
1042,Valkyria : Azure Revolution  ,3.77 (15),0.1246
1043,Sekaiju No Meiq V: Nagaki Shinwa No Hate  ,4.33 (15),0.1247
1044,Sq Chips,3.55 (21),0.1249
1045,Waterway ~mio Ar Tonelico Ii Hymmnos Concert Side Blue,4.24 (17),0.1250
1046,Gunstar Heroes Sound Collection,4.10 (15),0.1250
1047,Child Of Light / Coeur De Pirate,4.47 (18),0.1251
1048,Guilty Gear Isuka  ,3.82 (19),0.1251
1049,Mushihimesama Special Arrange Album,4.13 (15),0.1251
1050,Tales Of Vesperia  ,3.69 (24),0.1252
1051,Wangan Midnight ,3.56 (17),0.1252
1052,Otomedius  ,4.69 (13),0.1252
1053,Fragile ~sayonara Tsuki No Haikyo~   Plus,4.22 (18),0.1252
1054,Super Famicom Version Symphonic Suite Dragon Quest Iii: Into The Legend...,4.50 (11),0.1253
1055,The Star Onions Final Fantasy Xi- Music From The Other Side Of Vana'diel,3.55 (21),0.1254
1056,Live At Symphony Hall / Video Game Orchestra,4.36 (14),0.1256
1057,7thdragon2020  ,4.03 (17),0.1257
1058,The Legaia  ,4.41 (11),0.1258
1059,Ifuturelist,4.41 (16),0.1259
1060,Langrisser: Hikari No Matsuei,3.50 (14),0.1260
1061,Yuusha No Kuse Ni Namaikida. 1&2 Giant Recital,4.45 (11),0.1261
1062,Dark Dual,4.09 (17),0.1262
1063,Kill La Kill  Sound Track,4.24 (51),0.1262
1064,Cocoon Of White Dreams ~ricordando Il Passato~,4.18 (14),0.1262
1065,Nier:automata   Hacking Tracks,4.36 (14),0.1264
1066,Street Fighter Zero Arcade Gametrack,3.66 (16),0.1264
1067,Soul Blader,4.13 (15),0.1264
1068,Akumajo Dracula Midi Collection,3.81 (18),0.1264
1069,F. F. Mix,3.53 (19),0.1264
1070,Eternal Darkness: Sanity's Requiem Sound Track,4.11 (19),0.1266
1071,Re:birth/seiken Densetsu Kenji Ito Arrange Album,3.75 (22),0.1267
1072,Gradius Rebirth  ,4.06 (17),0.1267
1073,Music From Alone In The Dark,4.00 (16),0.1267
1074,Kukeiha Club Pro-fusion ~twinbee Yahho!~,4.04 (14),0.1267
1075,Rez / Gamer's Guide To...,4.14 (21),0.1268
1076,Galaxy Force Ii & Thunder Blade  Sound Track,4.37 (15),0.1268
1077,Guilty Gear Xx #reload Korean Version  Sound Track,4.41 (16),0.1271
1078,Mamoru-kun Wa Norowarete Shimatta! Arrange Tracks,3.84 (16),0.1272
1079,Rogue Galaxy Premium Arrange,4.07 (15),0.1274
1080,Your Name / Radwimps,4.16 (19),0.1274
1081,R-type,4.06 (17),0.1277
1082,Finest Fantasy For Advance: Final Fantasy Iv V Vi  Sound Track,4.53 (18),0.1277
1083,The Legend Of Zelda: Ocarina Of Time 3D,3.98 (33),0.1278
1084,Dragon Quest Game Music Super Collection ,3.88 (13),0.1278
1086,Mononoke Hime ,4.28 (16),0.1279
1087,Hitokui No Oowashi Trico  ,4.06 (16),0.1279
1088,Shinobi  ,4.53 (18),0.1280
1089,Devil May Cry 2  ,4.07 (14),0.1282
1090,Soul Sacrifice  ,3.65 (24),0.1282
1091,Gran Turismo 4  Game ,4.40 (15),0.1282
1092,Higurashi No Naku Koro Ni Kai  ,4.63 (12),0.1282
1093,Bloodrayne: Betrayal Official ,4.12 (17),0.1283
1094,Star Ocean Perfect Sound Collection,4.09 (16),0.1283
1095,Hoshi No Kirby ~yume No Izumi No Monogatari~ / Mako Miyata,3.96 (13),0.1283
1096,Ico Respect Arrange Album,4.04 (13),0.1284
1097,Final Fantasy Iv Minimum Album,4.08 (12),0.1284
1098,Thunder Force Iii/tecno Soft Game Music Collection ,4.38 (17),0.1286
1099,Namco Game Sound Express ,4.00 (15),0.1286
1100,Senjou No Valkyria Piano Pieces,4.33 (12),0.1287
1101,Rockman 8: Metal Heroes  ,3.84 (22),0.1288
1102,Manenjushaka ~ Nada Upasana Pundarika,4.81 (36),0.1289
1103,Atelier Totori  ,4.50 (20),0.1289
1104,Kaiser Knuckle,4.32 (14),0.1289
1105,Symphonic Suite Dragon Quest V: Heaven's Bride,4.83 (12),0.1292
1106,Xenoblade2   [type C],4.75 (30),0.1292
1107,Tour De Japon: Music From Final Fantasy,4.75 (12),0.1295
1108,Deathsmiles Iix  Sound Track,4.03 (19),0.1296
1109,Halo  ,3.75 (28),0.1296
1110,Star Ocean Till The End Of Time Arrange Album,3.60 (15),0.1296
1111,Perfect Selection Gradius,4.36 (18),0.1296
1112,Kukeiha Club Pro-fusion ~tokimeki Memorial~,4.39 (14),0.1297
1113,Atlus Best Selection Megami Sekai Megaten World,4.14 (11),0.1301
1114,Oz  ,4.47 (15),0.1301
1115,Atelier Iris Eternal Mana 2 Arranged Tracks Red Lucifer Rising,4.28 (16),0.1302
1116,Metal Black -the First-,4.25 (16),0.1303
1117,Super Mario Odyssey  Sound Track,4.50 (15),0.1304
1118,Let's Go Away The Video Game Daytona Usa Anniversary Box,4.47 (16),0.1304
1120,Biohazard 5  ,3.70 (23),0.1305
1121,Super Mario Galaxy  Sound Track,4.15 (24),0.1307
1122, Video Animation Rurouni Kenshin -meiji Kenkaku Romantan- Tsuiokuhen  ,4.73 (11),0.1307
1123,Lost Child Infinia,4.50 (14),0.1308
1124,Garou: Mark Of The Wolves,4.55 (11),0.1308
1125,Lost Files,3.88 (12),0.1310
1126,Biohazard The Darkside Chronicles  ,4.50 (13),0.1310
1128,Gensei Kyokou Seirei Kidoudan  Sound Track & Drama,4.19 (13),0.1311
1129,Tobal No.1  Sound Track,3.89 (19),0.1312
1130,Suteki Da Ne Featured In Final Fantasy X,3.97 (18),0.1312
1131,Parasite Eve Remixes,3.68 (22),0.1312
1132,Gyakuten Kenji  ,3.92 (18),0.1313
1133,Street Fighter Ii Image Album -g.S.M. Capcom-,3.98 (24),0.1313
1134,Infinite Undiscovery  ,3.59 (16),0.1314
1135,Lost Child  Sound Track From S.S.H Side-a,4.44 (16),0.1315
1136,God Of War Ii Official ,3.81 (13),0.1316
1137,Asura's Wrath  ,3.97 (19),0.1316
1138,Shin Megami Tensei Ii Sound Relation,4.38 (13),0.1316
1140,Gyakuten Saiban 3  ,4.31 (18),0.1318
1141,Midi Power Pro 3 ~policenauts~,4.46 (12),0.1318
1142,Final Fantasy 1987 - 1994 [],3.89 (19),0.1319
1143,Xexex,4.46 (14),0.1320
1144,Namco x Capcom  ,4.15 (17),0.1321
1145,Rockman 2: The Power Fighters,3.90 (15),0.1322
1146,Afrika  ,4.35 (20),0.1324
1147,Neotokyo,4.74 (17),0.1325
1148,Magical Chase  ,4.13 (12),0.1325
1149,Final Fantasy Xii The Zodiac Age   [],4.54 (14),0.1325
1150,Fairy Tail   ,4.80 (22),0.1326
1151,20th Anniversary Rockman 1~6 Techno Arrange Ver.,3.50 (28),0.1326
1152,Perfect Selection Dracula,3.10 (29),0.1328
1153,Fate/stay Night A.Ost,4.42 (18),0.1330
1154,Machinarium ,4.17 (23),0.1331
1155,Ys & Ys Ii Eternal  Sound Track,4.32 (11),0.1333
1156,Tales Of The Abyss  ,3.57 (21),0.1333
1157,Mamoru-kun Wa Norowarete Shimatta! ,4.22 (16),0.1334
1158,Metal Gear Rising Revengeance Vocal Tracks,3.98 (25),0.1334
1159,Wild Arms Music The Best -rocking Heart-,3.88 (20),0.1335
1160,Mass Effect  ,3.90 (24),0.1338
1161,Guilty Gear X  Sound Track,3.79 (12),0.1339
1162,Sorcerian Super Arrange Version Iii Sengoku Sorcerian Vs Pyramid Sorcerian,4.04 (12),0.1339
1163,Sonic Rush  Groove Rush.,4.18 (25),0.1340
1164,25th Anniversary Rockman Rock Arrange Ver.,3.80 (22),0.1340
1165,Metal Gear 20th Anniversary: Metal Gear Music Collection,4.09 (17),0.1340
1166,"Famicom Sound History Series ""mario The Music",4.50 (19),0.1341
1167,Harmonia / Akiko Shikata,4.34 (19),0.1342
1168,Akai Katana  Sound Track,3.70 (22),0.1343
1170,God Tracks!,4.24 (17),0.1344
1171,Chocobo No Fushigi Na Dungeon Tokiwasure No Meikyuu  ,3.98 (20),0.1345
1172,The Vision Of Escaflowne  ,4.31 (13),0.1347
1173,Catherine Sound Disc & Art Book,4.00 (26),0.1347
1174,Last Bible Iii ,4.35 (13),0.1348
1175,"Symphonic Suite ""suikoden"" ~presented By Jagmo~",5.00 (12),0.1348
1176,Neon Genesis Evangelion,4.13 (19),0.1348
1177,Blast From The Past,4.31 (18),0.1351
1178,Hikari No 4 Senshi -final Fantasy Gaiden-  ,4.03 (20),0.1352
1179,Made In Abyss  ,4.56 (18),0.1352
1180,Under Defeat -sound Tracks-,4.15 (13),0.1354
1181,Cafe Sq,3.67 (18),0.1355
1182,The King Of Fighters '98 Arrange Sound Trax,4.63 (16),0.1355
1183,Parasite Eve Ii  ,3.39 (28),0.1356
1184,Dracula ~music Collection~,4.03 (16),0.1356
1186,Tekken 3 Arcade  001 Ex,3.89 (18),0.1357
1187,The King Of Fighters 2000 Arrange Sound Trax,4.62 (13),0.1362
1188,Toki Wo Kizamu Uta/torch,4.47 (18),0.1364
1189,Final Fantasy X Hd Remaster  ,3.32 (28),0.1367
1190,Voices Music From Final Fantasy - Final Fantasy Premium Orchestra Concert [],4.57 (14),0.1367
1191,Deathsmiles Arrange Album,3.52 (22),0.1367
1192,Atelier Meruru  ,4.50 (18),0.1368
1193,Chill Sq,3.94 (18),0.1368
1194,Policenauts,4.43 (14),0.1368
1195,Enthusia ~professional Racing~  ,4.34 (16),0.1370
1197,History Repeats Itself: Abandoner/lostchild Coupling ,4.67 (15),0.1371
1198,Onimusha 3  ,4.12 (13),0.1371
1199,Bio Hazard Sound Track Remix,4.12 (21),0.1373
1200,Contra Chronicle ,4.91 (11),0.1374
1201,Remastered Tracks Rockman Zero Mythos,4.54 (25),0.1375
1202,Zwei2  ,4.54 (13),0.1376
1203,Symphonic Suite Dragon Quest V: Heaven's Bride,4.73 (13),0.1376
1204,Akumajo Dracula Mokushiroku  Game ,3.65 (27),0.1377
1205,"Panzer Dragoon Orta""  Sound Track",4.32 (17),0.1378
1206,Rayforce,4.50 (15),0.1379
1207,The Secret Lover: Mushihimesama Remix Tracks,4.38 (12),0.1379
1208,Shin Hikari Shinwa: Palutena No Kagami Music Selection,4.18 (20),0.1380
1209,Nintendo Super Famicom Game Music,4.29 (17),0.1386
1210,Jet Set Radio Future  Sound Tracks,4.36 (22),0.1386
1211,Kukeiha Club,4.34 (16),0.1389
1212,Tekken Tag Tournament  ,4.28 (16),0.1391
1213,Symphonic Poem Gradius Iii,4.25 (14),0.1393
1214,Alone The World Wild Arms Vocal Collection,4.05 (21),0.1393
1215,Eschatos ,4.29 (19),0.1393
1216,Genso Suikoden Music Collection ~celtic Collection~,4.18 (14),0.1393
1217,Mighty Switch Force! Official ,4.64 (18),0.1395
1218,Okamiden ~chiisaki Taiyou~  ,3.95 (19),0.1395
1219,Ys Viii -lacrimosa Of Dana-  ,4.53 (17),0.1396
1220,Omega Five Sound Track,4.03 (20),0.1396
1221,Gradius Iii,4.21 (14),0.1397
1222,Seiken Densetsu Music Complete Book,4.54 (14),0.1398
1223,Tekken 6 ,3.79 (19),0.1400
1224,"Symphonic Poem ""hope",4.17 (15),0.1400
1225,Heroes Of Might And Magic Iv: The ,4.19 (13),0.1402
1226,Folkssoul  ,4.07 (15),0.1403
1227,Ragnarok Online ,4.14 (18),0.1403
1228,Ori And The Blind Forest,4.38 (16),0.1403
1229,Parasite Eve I & Ii   Box,4.06 (17),0.1403
1230,Shadows Of The Damned,3.91 (23),0.1403
1231,Biohazard 4  Book,4.06 (18),0.1405
1233,Wild Arms 2nd Ignition  ,3.71 (21),0.1408
1234,Darius Gaiden,4.41 (16),0.1409
1235,Bare Knuckle Iii,3.70 (30),0.1410
1236,Final Fantasy Iv   Remaster Version,4.11 (18),0.1412
1237,Shovel Knight  ,4.09 (23),0.1415
1238,Snatcher >> Policenauts Music Compilation Of Hideo Kojima/black Disc,4.39 (14),0.1416
1239,Falcom Jdk Band 2008 Spring,4.50 (17),0.1418
1240,Sekaiju No Meiq Super Arrange Version,4.05 (21),0.1419
1241,Shiki  ,4.67 (18),0.1420
1242,Shining Hearts  ,4.03 (15),0.1420
1243,Knights In The Nightmare Perfect Audio Collection,4.50 (12),0.1421
1244,Symphonic Suite Dragon Quest V: Heaven's Bride,4.32 (14),0.1422
1245,Phantasy Star Collection: Sound Collection Ii,4.41 (22),0.1423
1246,Beer Sq [],4.03 (15),0.1425
1247,Mariostory  Sound Track,3.74 (29),0.1426
1248,Daytona Usa,4.00 (23),0.1427
1249,Anubis Zone Of The Enders  ,4.28 (23),0.1428
1250,Castlevania ~lords Of Shadow~ ,3.95 (29),0.1430
1251,Code Of Princess  ,4.13 (15),0.1433
1252,20th Anniversary Rockman X Sound Box,4.71 (14),0.1433
1253,Border Down Sound Tracks ,4.46 (14),0.1433
1254,Concerto ~the Extraordinary World Of Concerto Gate~,4.08 (13),0.1433
1255,Grim Fandango  Game ,4.45 (20),0.1434
1256,Grandia Xtreme  S,3.76 (19),0.1436
1257,Destiny: Dreamer's Alliance,4.42 (13),0.1436
1258,Dragon's Crown  ,4.18 (19),0.1437
1259,Perfect Collection Sorcerian,4.18 (14),0.1439
1260,Out Run,4.31 (16),0.1440
1261,Street Fighter Ii -g.S.M. Capcom 4-,4.11 (18),0.1441
1262,Bastion  ,4.03 (31),0.1441
1263,Professor Layton And The Unwound Future  ,4.36 (18),0.1442
1264,Umineko No Naku Koro Ni / Akiko Shikata,4.33 (27),0.1443
1265,Potion: Relaxin' With Final Fantasy,4.47 (15),0.1443
1266,Nintendo Sound Selection ,4.06 (18),0.1444
1267,Ridge Racer 6 Direct Audio,3.79 (17),0.1444
1268,Final Fantasy Xiii-2   Plus,3.42 (25),0.1444
1269,The King Of Fighters '97 Arrange Sound Trax,4.30 (15),0.1445
1270,Symphonic Suite Dragon Quest Vi Maboroshi No Daichi,4.50 (14),0.1445
1271,Chocobo No Fushigina Dungeon  ,4.08 (18),0.1446
1272,Wolf's Rain,4.41 (16),0.1447
1273,Music From Brandish 2 - The Planet Buster,4.31 (13),0.1449
1274,Persona,3.66 (25),0.1449
1276,Tekken Tag Tournament 2  Sound Track,3.60 (15),0.1452
1277,Akumajo Dracula Tribute ,3.27 (32),0.1455
1278,Rogue Galaxy  ,4.21 (14),0.1456
1279,Salamander 2  Game ,4.39 (14),0.1458
1280,Gensosuikoden Ii  Game  ,4.18 (20),0.1458
1281,Istoria ~musa~,4.38 (13),0.1458
1282,Final Fantasy Brave Exvius  ,4.47 (17),0.1460
1283,Sword Of Mana Premium ,3.67 (23),0.1465
1284,Breath Of Fire Ii,4.00 (15),0.1466
1285,Castlevania 20th Anniversary Deluxe Music Collection,3.68 (17),0.1467
1286,Dark Chronicle  Sound Tracks,4.02 (21),0.1468
1287,"The Garden Of Sinners -movie ""kara No Kyoukai"" Music Collection-",4.69 (24),0.1471
1288,Granblue Fantasy  ,4.17 (15),0.1473
1289,Final Fantasy Xi Wings Of The Goddess  ,3.57 (21),0.1476
1290,Wild Arms Music The Best -feeling Wind-,3.86 (21),0.1478
1291,Elvandia Story  ,4.12 (17),0.1481
1292,Kaze No Tani No Nausicaa,4.50 (12),0.1486
1293,Ketsui -kizunajigokutachi-,4.38 (17),0.1486
1294,Dark Chronicle Premium Arrange,4.12 (21),0.1488
1295,Riz-zoawd  ,3.61 (22),0.1489
1296,The Scheme Sound Track,4.34 (16),0.1491
1297,Final Fantasy Xi Treasures Of Aht Urhgan  ,3.95 (19),0.1492
1298,Little Busters!  ,4.25 (22),0.1492
1299,Grandia Online -perfect Sound Library-,3.93 (14),0.1492
1300,Devil May Cry 3  ,4.15 (17),0.1494
1301,Racing Lagoon  ,3.95 (20),0.1495
1302,Symphonic Suite Dragon Quest Ix: Hoshizora No Mamoribito,4.19 (18),0.1495
1303,Armored Core: For Answer  ,4.47 (15),0.1496
1304,Genso Suikoden Music Collection Produced By Kentaro Haneda,4.41 (16),0.1499
1305,Mirror's Edge  Videogame Score,4.05 (20),0.1502
1306,Technosoft Game Music Collection ,4.59 (16),0.1505
1307,Sailing To The World Piano Score,4.14 (14),0.1505
1308,Genso Suikoden Music Collection ~celtic Collection 2~,4.46 (13),0.1507
1309,Contra Chronicle ,4.78 (18),0.1509
1310,Tales Of Symphonia  ,3.72 (32),0.1512
1311,Star Ocean -the Last Hope-  ,3.75 (26),0.1513
1312,Gyakuten Saiban Yomigaeru Gyakuten  ,4.38 (20),0.1513
1314,Persona3 Portable  ,3.91 (27),0.1515
1315,Metal Gear >> Solid Snake Music Compilation Of Hideo Kojima/red Disc,3.91 (17),0.1515
1316,Deus Ex: Human Revolution  ,4.38 (20),0.1517
1317,Crimsonshroud  ,3.82 (22),0.1518
1318,Symphonic Suite Shining Force Ii ~ancient Sealing~,4.55 (22),0.1518
1319,Okami Piano Arrange,3.91 (27),0.1519
1320,Cowboy Bebop,4.21 (19),0.1524
1321,Mugen Kairou: Hikari To Kage No Hako: A ,5.00 (13),0.1524
1322,Perfect Collection Ys Iii,3.83 (20),0.1524
1323,Shin Megami Tensei Iii Nocturne Maniacs  Extra Version,4.36 (21),0.1528
1324,Live A Live  ,4.31 (18),0.1529
1325,Arc The Lad Piano Album,4.11 (18),0.1530
1326,Mother 2 Gyiyg No Gyakushuu,4.05 (28),0.1530
1327,Tomoyo After,4.63 (12),0.1532
1328,Super Donkey Kong,4.34 (16),0.1532
1329,The Complete  From The Secret Of Evermore Video Game,4.16 (22),0.1532
1330,Golden Axe The Music,4.67 (18),0.1533
1331,Gyakuten Saiban + Gyakuten Saiban 2  ,4.14 (22),0.1537
1332,Albert Odyssey Gaiden: Legend Of Eldean,4.57 (15),0.1538
1333,Mario & Luigi Rpg Sound Selection,4.04 (25),0.1539
1334,The King Of Fighters 2002,4.59 (17),0.1540
1335,Rockman 7: Shukumei No Taiketsu!  ,4.00 (22),0.1541
1336,Multi - Dimensional Sonic Adventure 2  Sound Track,4.15 (34),0.1541
1337,Dragon Quest Vii ~warriors Of Eden~ Symphonic Suite +  ,4.50 (12),0.1542
1338,Sanctuary / The Star Onions,4.00 (19),0.1542
1339,Ys Foliage Ocean In Celceta  ,4.06 (25),0.1544
1340,Final Fantasy Xi Rise Of The Zilart  ,3.98 (21),0.1545
1341,Perfect Collection Ys Iv The Dawn Of Ys ,4.00 (15),0.1545
1342,Arc Rise Fantasia  ,4.24 (21),0.1548
1343,"String Quartet ""dragon Quest",4.10 (15),0.1548
1344,Atelier Ayesha ~alchemist Of The Ground Of Dusk~  ,4.50 (19),0.1548
1345,Octopath Traveler  ,4.50 (19),0.1549
1346,The King Of Fighters '99 Arrange Sound Trax,4.59 (17),0.1550
1347,Super Donkey Kong  Sound Version,4.12 (17),0.1553
1348,Lunar -harmony Of Silver Star-,4.50 (12),0.1553
1350,Shining Force Iii  ,4.59 (17),0.1555
1351,Gyakuten Saiban Jazz Album ~gyakuten Meets Jazz Soul~,3.92 (25),0.1555
1352,Front Mission 3  ,3.92 (18),0.1555
1353,Genso Suikoden Ii Music Collection ~orrizonte~,4.43 (15),0.1556
1354,Kyokugen Dasshutsu Adv Zennin Shibou Desu ,4.53 (15),0.1556
1355,Seiken Densetsu Heroes Of Mana  ,3.90 (20),0.1560
1356,Final Fantasy X-2 International+last Mission  ,3.58 (25),0.1560
1357,Konami Music Masterpiece Collection,4.83 (12),0.1561
1358,Turrican  Anthology,4.62 (25),0.1564
1359,Biohazard 3 Last Escape  ,3.86 (21),0.1566
1360,Dairantou Smash Brothers For Nintendo 3ds / For Wii U Special Sound Test,4.26 (25),0.1566
1361,Shin Megami Tensei Law & Chaos Disc,3.95 (21),0.1569
1362,Motoi Sakuraba Live Concert Star Ocean & Valkyrie Profile,4.54 (14),0.1571
1363,Gensosuikoden Ii  Game  ,4.31 (21),0.1571
1364,Pop'n Twinbee Graffiti,4.31 (16),0.1573
1365,Azel -panzerdragoonrpg- Memorial Album,4.39 (18),0.1574
1366,Sonic Colors,4.10 (34),0.1575
1367,Double Dragon Ii The Revenge,4.47 (15),0.1576
1368,God Of War Trilogy ,4.42 (12),0.1578
1369,Valkyrie Profile -lenneth-  Sound Track,4.21 (24),0.1578
1370,Misty Blue,4.24 (17),0.1580
1371,Final Fantasy Gaiden: Seiken Densetsu  Sound Version,4.43 (15),0.1581
1373,All Over Xanadu,4.39 (14),0.1583
1374,Gran Turismo  Game ,4.38 (21),0.1585
1375,Devil May Cry  ,4.24 (19),0.1585
1376,Shin Megami Tensei Strange Journey  ,3.62 (25),0.1587
1377,Dragon Quest Viii Sora To Umi To Daichi To Norowareshi Himegimi  ,4.14 (14),0.1587
1378,Blade & Soul Ost,4.30 (15),0.1587
1379,Pokemon Firered/Leafgreen,4.13 (26),0.1590
1380,Before Meteor: Final Fantasy Xiv  ,4.05 (28),0.1592
1381,Gradius In Classic I,4.41 (11),0.1592
1383,Seiken Densetsu 4   -sanctuary-,3.67 (24),0.1594
1384,Klonoa2 Sound Track,4.33 (18),0.1594
1385,Pokemon Ruby/Sapphire,4.26 (29),0.1598
1386,Pinksweets  Sound Track,3.91 (28),0.1599
1387,Eyes On Me ~featured In Final Fantasy Viii / Faye Wong,3.97 (18),0.1599
1388,Dark Souls  ,3.95 (21),0.1599
1389,Banjo To Kazooie No Daibouken  ,4.25 (20),0.1600
1390,More Friends Music From Final Fantasy ~final Fantasy Orchestra Concert In Los Angeles 2005~,4.02 (23),0.1600
1391,S.S.T. Band Live! -g.S.M. Sega-,4.61 (14),0.1601
1392,Megami Ibunroku Persona   & Arrange Album,4.47 (15),0.1601
1393,The Elder Scrolls Iv: Oblivion,4.02 (22),0.1602
1394,Chocobo No Fushigina Dungeon: Coi Vanni Gialli,4.37 (15),0.1603
1395,Final Fantasy Xiii   Plus,3.81 (34),0.1606
1396,El Shaddai: Ascension Of The Metatron  ,4.06 (27),0.1608
1397,Super Street Fighter Ii: The New Challengers Arcade Gametrack,4.18 (19),0.1608
1398,Salamander Arcade ,4.44 (18),0.1610
1399,Kirby Triple Deluxe Sound Selection,4.66 (22),0.1612
1400,Tekken Tag Tournament Direct Audio,4.22 (16),0.1613
1402,Music From Ys Iii Wanderers From Ys,4.16 (16),0.1616
1403,Nine Hours Nine Persons Nine Doors ,4.43 (21),0.1617
1404,Stella Deus Bgm Rearrange Album,3.89 (19),0.1619
1405,Gradius In Classic Ii,4.23 (11),0.1619
1406,Ys Iv J.D.K. Special The Dawn Of Ys,4.06 (16),0.1621
1407,Persona2 Innocent Sin.  ,4.43 (22),0.1621
1408,7th Dragon  ,4.10 (20),0.1624
1409,Echoes Of War: The Music Of Blizzard Entertainment Legendary Edition,3.82 (19),0.1624
1410,"Psyvariar ""the Mix",4.61 (23),0.1628
1411,Ke-tsu-i Kizunajigokutachi [arrange Album],3.75 (20),0.1629
1412,Metal Black,4.61 (18),0.1630
1413,Oto Gift,4.63 (15),0.1632
1414,Phantasy Star 1st Series Complete Album,4.52 (24),0.1633
1415,Final Fantasy Vii: Voices Of The Lifestream,3.48 (45),0.1636
1416,Tobal2  Sound Track,4.75 (14),0.1638
1417,We Love Katamari Damacy  ,4.12 (25),0.1639
1418,Blazblue,4.36 (21),0.1639
1419,Ace Combat Assault Horizon  ,3.80 (27),0.1639
1420,Final Fantasy Vi Special Tracks,3.61 (22),0.1640
1421,Death Note  ,4.38 (21),0.1640
1422,Star Ocean ,3.94 (17),0.1641
1423,Catherine  ,3.82 (34),0.1642
1424,Akai Katana Shin Arrange Album,4.25 (18),0.1643
1425,Last Rankered,4.21 (17),0.1646
1426,Melodies Of Life ~featured In Final Fantasy Ix,4.50 (18),0.1649
1427,Colours Of Light: Yasunori Mitsuda Vocal Collection,4.62 (17),0.1649
1428,"Final Fantasy Xiv"" Battle Tracks",3.77 (30),0.1653
1429,Fire Emblem If  ,4.58 (26),0.1654
1430,Sonic Generations   Blue Blur,4.45 (30),0.1655
1431,Nights  ,4.41 (17),0.1656
1432,Kukeiha Club Pro-fusion ~salamander~,4.24 (23),0.1657
1433,Fantasy Zone: Ultra Super Big Maximum Great Strong Complete Album,4.82 (17),0.1658
1434,Ace Combat 3 Electrosphere : Direct Audio,4.05 (21),0.1659
1435,Karigurashi No Arrietty ,4.65 (13),0.1659
1436,Kanon  ,4.43 (20),0.1660
1437,The Last Of Us ,4.13 (26),0.1661
1438,Nier Gestalt & Replicant 15 Nightmares & Arrange Tracks,3.50 (28),0.1664
1439,Image From King Colossus -tougi Ou No Gensou Kumikyoku-,4.63 (15),0.1664
1440,Espgaluda Ii Black Label  Sound Track,3.90 (21),0.1665
1442,Biohazard -code:veronica- Complete Version  ,4.00 (17),0.1668
1443,Yuzo Koshiro Best Collection ,4.47 (19),0.1669
1444,"Tekken 5"" ""tekken Dark Resurrection""  ",4.12 (21),0.1670
1445,Biohazard Sound Chronicle Best Track Box,4.40 (24),0.1671
1446,Metal Gear / Metal Gear 2 Solid Snake Music Collection,4.40 (15),0.1675
1447,Kirby Ultra Super Deluxe  Sound Track,4.27 (26),0.1677
1448,Castlevania: Lament Of Innocence,3.88 (13),0.1678
1449,Sekaiju No Meiq,4.10 (25),0.1679
1450,Symphonic Suite Dragon Quest Vi The Phantom World,4.10 (15),0.1681
1451,Koudelka,3.82 (22),0.1684
1452,Final Fantasy Vi   Remaster Version,4.80 (23),0.1689
1453,Burn My Dread -reincarnation: Persona3-,4.04 (24),0.1689
1454,Gensosuikoden V  ,4.19 (24),0.1691
1455,Benyamin Nuss Plays Uematsu,3.26 (35),0.1692
1456,Metroid Metal - Varia Suite,4.29 (26),0.1693
1457,Grand Knights History  ,4.12 (21),0.1695
1458,Aion ~the Tower Of Eternity~  Sound Track,4.29 (21),0.1696
1459,Game Music Concert 5 By Symphony Orchestra -live Best Collection-,4.00 (16),0.1699
1460,Napple Tale Illustrated Guide To The Monsters,4.50 (17),0.1702
1461,Assassin's Creed Ii  Game ,4.55 (19),0.1703
1462,Atelier Iris Eternal Mana Arranged Tracks Deceitful Wings,4.43 (20),0.1705
1463,Breath Of Fire Iv  ,3.90 (20),0.1710
1464,Super Hang-on 20th Anniversary Collection,4.73 (20),0.1713
1466,Xenoblade Special Sound Track,3.97 (19),0.1716
1467,Akumajo Dracula Tribute ,3.50 (28),0.1716
1468,Grandia Iii ~ Sound Tracks~,3.95 (22),0.1718
1469,Mugen Kairou  Sound Track,4.34 (16),0.1720
1470,"Brave Fencer ""musashiden""  ",3.76 (21),0.1722
1471,Valkyrie Profile 2 -silmeria- Arrange Album,4.38 (17),0.1723
1472,Baten Kaitos Ii: Hajimari No Tsubasa To Kamigami No Shishi  ,4.13 (26),0.1724
1473,Senjou No Valkyria 3 -unrecorded Chronicles-  ,3.98 (22),0.1726
1474,Re:birth Ii / Romancing Saga Battle Arrange,4.30 (25),0.1727
1475,Onimusha 2  ,4.13 (15),0.1729
1476,Daikoukai Jidai Ii Special Edition,4.53 (17),0.1730
1477,"Final Fantasy Xiv"" Field Tracks",3.96 (27),0.1731
1478,Gradius Iv Fukkatsu  Game ,4.00 (21),0.1731
1479,Langrisser Ii  Game Music,4.36 (18),0.1735
1480,Chronotorious,3.98 (27),0.1736
1481,Mystic Ark ,4.28 (16),0.1742
1482,Phantasy Star Collection: Sound Collection I,4.69 (24),0.1743
1484,Another Mind  ,4.11 (23),0.1748
1485,Atelier Iris Grand Fantasm  ,4.18 (22),0.1749
1486,Ys Origin Super Arrange Version,4.00 (21),0.1749
1487,Perfect Collection Ys Ii,4.03 (20),0.1751
1488,Street Fighter Ii Alph-lyla With Yuji Toriyama,4.07 (29),0.1753
1489,Biohazard 2 Complete Track,3.81 (27),0.1754
1490,Piano Collections Final Fantasy Xii,4.33 (18),0.1754
1491,Music From Braid,4.44 (24),0.1759
1492,Music From Ys Ii,4.25 (14),0.1763
1493,Gyakuten Saiban Sound Box,4.55 (20),0.1764
1494,Game Music Concert 3 By Symphony Orchestra,4.06 (17),0.1765
1495,Blue Dragon  ,3.65 (33),0.1766
1496,Silent Hill 3  ,4.23 (28),0.1770
1497,Perfect Selection Konami Battle The Best,4.63 (16),0.1774
1498,Lunar ~the Silver Star~,4.21 (14),0.1775
1499,End Of Eternity  ,3.63 (28),0.1776
1500,The Last Story  ,3.67 (33),0.1777
1501,Genso Suikoden Tierkreis  ,4.35 (17),0.1782
1502,Grandia  S Ii,3.88 (24),0.1785
1503,Sen To Chihiro No Kamikakushi ,4.32 (19),0.1786
1504,Shatter - Official Videogame ,4.48 (21),0.1786
1505,Soulcalibur V  ,4.35 (20),0.1787
1506,Tales Of Phantasia   Complete Version,3.57 (22),0.1788
1507,Tenchu ,4.52 (26),0.1790
1508,The Very Best Of Kirby: 52 Hit Tracks,4.50 (18),0.1792
1509,Forest Of Glass / Motoi Sakuraba,4.13 (19),0.1792
1510,Piano Collections Final Fantasy Xi,3.65 (24),0.1793
1511,Silent Hill Homecoming ,3.94 (27),0.1793
1512,Perfect Collection Ys Iv The Dawn Of Ys ,4.11 (18),0.1796
1513,Manabu Namiki Selection Deathsmiles Premium Arrange Album,3.90 (29),0.1796
1514,Mother 1+2  ,4.10 (25),0.1799
1515,Alphabet Planet,3.91 (16),0.1799
1516,Snatcher,4.59 (16),0.1802
1517,Dariusburst Remix Wonder World,4.30 (22),0.1807
1518,Wild Arms Xf  ,3.88 (21),0.1807
1519,Wild Arms The 4th Detonator  Score,4.05 (20),0.1809
1520,Final Fantasy Crystal Chronicles The Crystal Bearers Music Collections,4.00 (26),0.1817
1521,Atelier Iris Eternal Mana 2  ,4.22 (18),0.1820
1522,Piano Collections Kingdom Hearts Field & Battle,4.16 (25),0.1822
1523,Silent Hill Zero  S,4.04 (23),0.1824
1524,Metal Gear Solid 2 Sons Of Liberty  2 : The Other Side,4.07 (22),0.1827
1525,No More Heroes  Sound Tracks,4.19 (26),0.1828
1526,Wild Arms The Vth Vanguard  Score ,4.26 (21),0.1828
1527,Lunar ~eternal Blue,4.61 (14),0.1831
1528,Dodonpachi Dai-ou-jou & Espgaluda -perfect Remix-,4.20 (20),0.1835
1529,Dissidia Final Fantasy   [],3.66 (46),0.1835
1530,Street Fighter Ii The Definitive ,4.59 (17),0.1836
1532,Ace Combat 6 Fires Of Liberation  ,3.84 (28),0.1837
1533,20th Anniversary Rockman 1~6 Rock Arrange Ver.,3.83 (35),0.1839
1534,The Legend Of Heroes Vi Sora No Kiseki  Sound Track,4.39 (22),0.1840
1535,Metal Gear Solid 4 Guns Of The Patriots  ,3.79 (26),0.1841
1536,Pokemon Black/White,4.53 (30),0.1841
1537,The Super Shinobi & Works,4.45 (20),0.1842
1538,"Sonic Adventure ""digi-log Conversation""  Sound Track",4.48 (43),0.1842
1539,Cuphead  ,4.66 (19),0.1845
1540,Sonic The Hedgehog,4.50 (27),0.1853
1542,Pokemon Diamond/Pearl,4.09 (33),0.1854
1543,Valkyrie Profile 2 -silmeria-   ,4.02 (23),0.1855
1544,The King Of Fighters '96 Arrange Sound Trax,4.75 (22),0.1867
1545,Guilty Gear  Sound Collection,4.14 (21),0.1870
1546,Drag-on Dragoon  ,4.05 (20),0.1875
1547,Planetary Pieces Sonic World Adventure  ,4.41 (34),0.1876
1548,Dodonpachi Dai-ou-jou [arrange Album],4.15 (20),0.1879
1549,Killer Cuts,3.93 (22),0.1880
1550,Metal Gear Solid Peace Walker  ,4.33 (24),0.1881
1551,"Carpe Diem ""senko No Ronde""  Sound Tracks ",4.19 (24),0.1884
1552,Valkyrie Profile 2 -silmeria-   ,4.09 (23),0.1890
1553,Saga Frontier  Sound Track,3.96 (25),0.1891
1554,Game Sound Legend Consumer Series Biography Estpolis Sound Track,4.48 (21),0.1891
1555,Persona 2: Eternal Punishment  Sound Tracks,4.38 (21),0.1894
1556,Ace Combat 2  ,4.27 (22),0.1894
1557,Ni No Kuni: Shikkoku No Madoushi  ,4.48 (21),0.1895
1558,Dk Jamz: The  Donkey Kong Country ,4.22 (36),0.1900
1559,Dodonpachi Saidaioujou / Dodonpachi Maximum  Sound Track,3.84 (22),0.1901
1560,F-zero Gx/ax  S,4.18 (34),0.1907
1561,The Syber Punk Adventure Snatcher -zoom Tracks-,4.71 (19),0.1908
1562,Shining The Holy Ark  ,4.50 (23),0.1908
1563,Xenobladex  ,4.14 (186),0.1909
1564,Makaimura Ongakutaizen,4.53 (20),0.1913
1565,Perfect Selection Konami Shooting Battle,4.31 (21),0.1919
1566,Kingdom Hearts 3d [dream Drop Distance]  ,4.50 (24),0.1920
1567,Romancing Saga 2  Sound Version,3.90 (24),0.1920
1568,Soulcalibur Iv  ,4.12 (21),0.1924
1569,Super Donkey Kong 2 Dixie & Diddy  Sound Version,4.54 (23),0.1925
1570,Wangan Midnight Maximum Tune 3  S,4.25 (26),0.1930
1571,Moonlit Shadow,4.07 (28),0.1933
1572,The Elder Scrolls V: Skyrim  Game ,4.06 (36),0.1937
1573,Mario Kart 64  ,4.00 (25),0.1941
1574,Music From Ys V Ushinawareta Suna No Miyako Kefin,4.32 (17),0.1943
1576,Perfect Collection Ys Iv The Dawn Of Ys ,4.12 (21),0.1950
1577,Gradius Gaiden  Game ,4.26 (21),0.1953
1578,Ys Vi  Sound Track,4.26 (23),0.1954
1579,Soul Edge  Sound Track Khan Super Session,4.38 (20),0.1958
1580,Senjou No Valkyria 2 Gallia Ouritsu Shikan Gakkou  ,4.05 (22),0.1959
1581,Policenauts F/n,4.69 (18),0.1961
1582,Nier Tribute Album -echo-,3.59 (32),0.1963
1583,Memaria,4.15 (27),0.1963
1584,Romancing Saga La Romance,3.98 (23),0.1967
1585,Noora To Toki No Koubou: Kiri No Mori No Majo  ,4.64 (25),0.1969
1586,Vm Japan  Sound Track,4.38 (26),0.1978
1587,Legend Of Joe Musashi: Shinobi Music Collection,4.50 (22),0.1984
1588,Border Down -sound Tracks-,4.63 (19),0.1985
1589,Gensosuikoden Ii  Game  Complete Box,4.45 (22),0.1987
1590,Ar Tonelico Ii: Sekai Ni Hibiku Shoujotachi No Metafalica  ,4.40 (21),0.1988
1593,Game Music Concert 4 By Symphony Orchestra -live Best Collection-,4.08 (19),0.1996
1594,Rockman 10: Uchuu Kara No Kyoui  ,4.17 (33),0.1997
1595,Persona 2: Innocent Sin.  S,4.36 (21),0.1997
1596,Piano Collections Final Fantasy Xiii,4.01 (34),0.1999
1597,Jet Set Radio  Sound Tracks,4.36 (29),0.2000
1599,The 3rd Birthday  ,4.13 (28),0.2017
1600,Bio Hazard Orchestra Album,4.15 (24),0.2017
1601,Metal Gear Solid 2 Sons Of Liberty  ,3.74 (34),0.2017
1602,Romancing Saga  Sound Version,3.96 (23),0.2022
1603,Gyakuten Saiban Orchestra Album ~gyakuten Meets Orchestra~,4.27 (28),0.2024
1604,Lunar: Silver Star Story Complete Music ,4.20 (23),0.2025
1605,Silent Hill Sounds Box,4.66 (25),0.2027
1606,Lunar 2: Eternal Blue Complete Music ,4.26 (19),0.2027
1607,Pppppp,4.05 (30),0.2028
1608,Double Dragon Neon Official ,3.98 (30),0.2029
1609,Romancing Saga 2 Eternal Romance,4.22 (18),0.2029
1610,Brandish Piano Collection,4.45 (22),0.2031
1611,[-aka-]  Sound Track: Primitive,4.70 (20),0.2032
1612,Final Fantasy Gaiden: Seiken Densetsu Put Your Thoughts To Music,4.43 (21),0.2034
1613,Drag-on Dragoon  Sound Track ,3.98 (28),0.2035
1614,Ni No Kuni: Wrath Of The White Witch - The  ,4.40 (24),0.2038
1615,"Attack On Titan""  ",4.14 (76),0.2039
1616,Akumajo Dracula: Harmony Of Despair  ,4.42 (33),0.2042
1617,Yuzo Koshiro Best Collection ,4.79 (21),0.2042
1618,Lord Of Vermilion Ii  ,3.91 (27),0.2043
1619,Klonoa Of The Wind: Door To Phantomile  ,4.48 (29),0.2045
1620,Baroque  ,4.25 (24),0.2057
1621,Alundra  Game ,4.40 (29),0.2058
1622,A Realm Reborn: Final Fantasy Xiv  ,4.33 (27),0.2058
1623,Live Music By Piano And Strings: 7th Dragon Super Arrange Version,4.26 (21),0.2062
1624,Subarashiki Kono Sekai  ,4.07 (36),0.2063
1625,Star Ocean Till The End Of Time   ,4.04 (24),0.2063
1626,Scc Memorial Series Snatcher -joint Disk-,4.56 (17),0.2077
1627,Shadow Hearts From The New World  S,4.19 (26),0.2081
1628,Dragon Quest,4.79 (21),0.2082
1629,Ogre Battle 64: Person Of Lordly Caliber,4.02 (22),0.2089
1630,The Best Of Grandia,4.46 (26),0.2094
1631,Musashiden Ii Blademaster  Sound Track,4.22 (27),0.2097
1632,Super Mario 3d World  Sound Track,4.24 (35),0.2101
1633,Piano Collections Final Fantasy V,3.80 (33),0.2107
1634,Music From Ys,4.60 (15),0.2119
1635,Street Fighter Tribute Album,4.05 (22),0.2119
1636,Final Fantasy Tactics A2 Grimoire Of The Rift  ,4.08 (31),0.2120
1637,White Melodies Of Final Fantasy Tactics Advance,4.12 (25),0.2123
1638,Persona3 Fes  ,4.01 (37),0.2133
1639,Chiptuned Rockman,4.17 (27),0.2139
1640,Gravity Daze  ,4.15 (31),0.2144
1641,Napple Tale Illustrated Guide To The Fairies,4.65 (20),0.2149
1642,Gradius Ultimate Collection,4.63 (24),0.2149
1643,Perfect Selection Konami Shooting Battle Ii,4.44 (24),0.2152
1644,Undertale ,4.47 (35),0.2156
1645,Ragnarok Online Complete ,4.67 (23),0.2165
1646,Fire Emblem: Kakusei  ,4.54 (28),0.2177
1647,Castlevania Chronicle: Akumajo Dracula  ,4.02 (32),0.2178
1648,Do-don-pachi Dai-fukkatsu  Sound Track,4.08 (33),0.2181
1649,Guilty Gear Sound Complete Box,4.42 (25),0.2181
1650,Wangan Midnight Maximumtune 2  ,4.31 (31),0.2193
1651,Megami Tensei I/Ii,4.40 (26),0.2194
1652,Gikyokuonsou,4.50 (24),0.2197
1653,Wild Arms The Vth Vanguard  Score ,4.17 (24),0.2202
1654,Mario Kart 8  Sound Track,4.78 (29),0.2206
1655,Wild Arms Alter Code:f  Score,4.05 (21),0.2208
1656,Final Fantasy Xiii-2   [],4.38 (34),0.2210
1657,Do-don-pachi Dai-fukkatsu Black Label  Sound Track,4.50 (22),0.2212
1658,Namco Game Sound Express ,4.26 (23),0.2221
1659,Shatter - Official Videogame ,4.46 (27),0.2221
1660,Symphony Sorcerian,4.60 (21),0.2224
1661,Final Fantasy Crystal Chronicles  ,4.13 (43),0.2224
1662,Dracula Densetsu Rebirth & Contra Rebirth  ,4.05 (30),0.2227
1663,Mushihimesama Double Arrange Album,4.00 (28),0.2231
1664,Wild Arms  Game ,4.11 (28),0.2234
1665,Midi Power Pro 6 ~akumajo Doracula X Gekka No Nocuturne~,4.29 (26),0.2237
1666,Drag-on Dragoon  Sound Track ,4.05 (28),0.2240
1667,Drag-on Dragoon 3  ,4.02 (33),0.2242
1668,Ys Origin  Sound Track,4.38 (28),0.2245
1669,Hoshi No Kirby 64  ,4.33 (29),0.2245
1670,Soulcalibur  ,4.15 (26),0.2246
1671,Near Death Experience: Shadow Hearts,4.17 (29),0.2255
1672,Silent Hill 4: The Room,4.00 (33),0.2256
1673,Breath Of Fire Iii  Sound Track,4.13 (27),0.2256
1674,Trusty Bell ~chopin No Yume~  Score,4.17 (35),0.2257
1675,Piano Collections Kingdom Hearts,3.90 (36),0.2258
1676,Ibara  Sound Track,4.18 (38),0.2260
1677,Crisis Core -final Fantasy Vii-  ,3.95 (41),0.2265
1679,Shincontra  ,4.31 (32),0.2270
1680,F-zero X  Sound Track,4.42 (33),0.2274
1681,The Legend Of Zelda: Majora's Mask  ,4.08 (40),0.2275
1682,"Zwei"" Super Arrange Version",4.70 (27),0.2277
1683,Final Fantasy Song Book: Mahoroba,4.31 (27),0.2278
1684,Super Mario Land,4.18 (28),0.2287
1685,Piano Opera Final Fantasy I/ii/iii,4.04 (28),0.2290
1686,Wild Arms Advanced 3rd  ,4.24 (25),0.2290
1687,Persona: Be Your True Mind  S,4.70 (23),0.2291
1688,Phantasmagoria,4.02 (30),0.2292
1689,Killer7  Sound Track,4.35 (26),0.2293
1690,Front Mission  Sound Version,3.93 (28),0.2293
1691,Treasure Hunter G  Sound Track,4.20 (23),0.2293
1692,Kingdom Hearts Birth By Sleep & 358/2 Days  ,4.50 (35),0.2299
1693,Kingdom Hearts Ii  ,3.94 (32),0.2300
1694,Star Ocean Till The End Of Time   ,4.25 (24),0.2305
1695,Street Fighter Iv  ,4.07 (29),0.2310
1696,Zwei  Sound Track,4.54 (25),0.2310
1697,All Sounds Of Saga,3.93 (28),0.2310
1698,Dewprism  ,4.28 (27),0.2313
1699,Lightning Returns:final Fantasy Xiii  ,3.82 (46),0.2315
1700,Legaia Duelsaga  ,4.15 (30),0.2317
1701,R4 / Ridge Racer Type 4 / Direct Audio,4.61 (35),0.2319
1702,Guilty Gear Xx  ,4.42 (26),0.2320
1703,Armodyne,3.91 (28),0.2327
1704,Final Fantasy Iii  ,3.76 (39),0.2329
1705,The Madness: Battle Garegga Perfect ,4.84 (22),0.2331
1706,The Legend Of Zelda,4.09 (48),0.2335
1707,Symphony Ys,4.46 (27),0.2336
1708,20020220 Music From Final Fantasy,4.16 (31),0.2341
1709,Lord Of Vermilion  ,3.88 (38),0.2344
1710,Street Fighter Iii 3rd Strike  ,4.46 (27),0.2345
1711,Ys -the Oath In Felghana-  Sound Track,4.61 (31),0.2346
1712,F-zero,4.17 (35),0.2346
1713,Pokemon Heartgold/Soulsilver,4.53 (30),0.2354
1714,Symphonic Shades - Halsbeck In Concert,4.46 (26),0.2363
1715,Onimusha 2 Orchestra Album ~taro Iwasiro Selection~,4.27 (26),0.2366
1716,Espgaluda Ii  Sound Track,4.22 (27),0.2370
1717,Square Enix Saga Series 20th Anniversary   -premium Box-,4.83 (27),0.2372
1718,Contra Spirits,4.48 (27),0.2372
1719,All Sounds Of Ogrebattle,4.00 (26),0.2378
1720,Beyond The Beyond  Game ,4.69 (24),0.2378
1721,Vagrantstory  ,4.58 (26),0.2378
1722,Sekaiju No Meiq,4.42 (25),0.2380
1723,Outrun 20th Anniversary Box,4.61 (31),0.2382
1724,Turrican  Video Game ,4.48 (26),0.2388
1725,Perfect Selection Snatcher Battle,4.52 (28),0.2390
1726,Chaos Legion  ,4.45 (30),0.2392
1727,Ace Combat Zero The Belkan War  ,4.43 (36),0.2397
1729,Chrono Trigger  ,4.11 (28),0.2419
1730,Wild Arms Complete Tracks,4.14 (28),0.2423
1731,Ys Seven  Sound Track,4.37 (27),0.2424
1733,Seiken Densetsu / Legend Of Mana Arrangement Album Promise,4.54 (28),0.2430
1734,Stella Deus  ,4.09 (34),0.2434
1735,Romancing Saga -minstrel Song-  ,4.33 (30),0.2456
1736,Atelier Iris Eternal Mana  ,4.34 (25),0.2468
1737,Piano Collections Final Fantasy Iv,3.85 (37),0.2476
1738,Castlevania Akatsuki No Minuet & Akumajo Dracula Sougetsu No Juujika  ,4.11 (37),0.2482
1739,Perfect Collection Ys,4.20 (25),0.2485
1740,Soulcalibur Iii   ~legend Of Sounds~,4.41 (27),0.2488
1741,Dodonpachi Dai-ou-jou / Ke-tsu-i Kizunajigokutachi  Sound Track,4.45 (32),0.2489
1742,Axelay,4.39 (35),0.2502
1743,Ys I & Ii Chronicles  Sound Track,4.52 (28),0.2506
1744,Symphonic Suite Dragon Quest Viii: Journey Of The Cursed King,4.44 (24),0.2510
1745,Gun Hazard  Sound Track,4.02 (31),0.2514
1746,Ecco Songs Of Time,4.43 (28),0.2515
1747,Metal Gear Solid 3 Snake Eater  ,4.17 (33),0.2521
1748,Game Music Concert -the Best Selection-,4.15 (26),0.2525
1749,Castlevania: Circle Of The Moon & Castlevania: Concerto Of Midnight Sun  ,4.27 (28),0.2526
1750,Romeo X Juliet  ,4.72 (29),0.2535
1751,Rockman 9: The Ambition's Revival  ,4.38 (39),0.2537
1752,Game Music Concert 2 -the Best Selection-,4.20 (22),0.2539
1753,Final Fantasy Gaiden: Seiken Densetsu Sound Collections,4.46 (26),0.2540
1754,Hako No Niwa,4.46 (26),0.2543
1755,Sekaiju No Meiq  ,4.26 (27),0.2545
1756,Soma Bringer  ,4.19 (34),0.2546
1757,Ogre -grand Repeat-,4.24 (23),0.2549
1758,Journey:   From The Video Game,4.09 (41),0.2556
1759,Starfox,4.41 (27),0.2567
1760,Oboromuramasa Ongakushuu Hensou No Maku,4.41 (34),0.2572
1761,Hanakisou Symphonic Orchestra,4.58 (25),0.2574
1762,Ace Combat 04 Shattered Skies  Sound Tracks,4.16 (35),0.2579
1763,Ys V Orchestra Version,4.42 (26),0.2581
1764,Distant Worlds Ii: More Music From Final Fantasy,4.20 (38),0.2590
1765,Blazblue -calamity Trigger-  ,4.17 (35),0.2591
1766,Biohazard 2  ,4.40 (34),0.2604
1767,Piano Collections Nier Gestalt & Replicant,4.23 (28),0.2611
1768,Akumajo Dracula Judgment  ,3.99 (34),0.2613
1769,Nights Into Dreams,4.52 (31),0.2617
1770,Final Fantasy Iv  ,3.96 (39),0.2617
1771,Chrono Trigger Orchestra Extra ,4.19 (35),0.2637
1773,Tactics Ogre: Let Us Cling Together,4.37 (23),0.2644
1774,Ragnarok Online Ii  Sound Track Dvd Edition,4.36 (22),0.2644
1775,Tactics Ogre: Unmei No Wa  ,4.32 (37),0.2644
1776,Metal Slug Complete Sound Box,4.74 (25),0.2652
1777,Romancing Saga 3  Sound Version,4.23 (28),0.2658
1778,God Eater  ,4.40 (36),0.2661
1779,Digital Devil Saga ~avatar Tuner~ 1 & 2  Sound Track: Integral,4.61 (31),0.2668
1780,Bahamut Lagoon  Sound Track,4.00 (32),0.2682
1781,Final Fantasy X-2  ,3.67 (51),0.2687
1782,Senko No Ronde -sound Tracks-,4.45 (29),0.2689
1783,Bare Knuckle  ,4.62 (25),0.2694
1784,Piano Collections Final Fantasy Vi,3.96 (37),0.2699
1785,Metroid Prime & Fusion  S,4.28 (47),0.2702
1786,Chrono Trigger Arranged Version: The Brink Of Time,3.58 (56),0.2703
1787,Persona3  ,4.09 (53),0.2705
1788,To Far Away Times: Chrono Trigger & Chrono Cross Arrangement Album,4.17 (42),0.2706
1789,Star Ocean: The Second Story Arrange Album,4.39 (22),0.2707
1790,Romancing Saga 3 Windy Tale,4.40 (24),0.2712
1791,Final Fantasy Xiii   [],4.33 (48),0.2729
1792,Gradius Arcade ,4.61 (27),0.2732
1793,Xenosaga Iii: Also Sprach Zarathustra  Sound Best Tracks,4.10 (43),0.2743
1794,Tenchi Souzou Creative S,4.65 (31),0.2747
1795,Mushihimesama Futari  Sound Track,4.19 (35),0.2759
1796,Radiant Historia  ,4.20 (33),0.2766
1797,Silent Hill 3  S,4.33 (33),0.2774
1798,Final Fantasy Tactics Advance  ,4.11 (37),0.2775
1799,Grandia Ii ~povo~,4.15 (31),0.2776
1800,Shin Megami Tensei Iii Nocturne  ,4.36 (35),0.2778
1801,Live Music By Piano And Strings: Sekaiju No Meiq I & Ii Super Arrange Version,4.63 (32),0.2784
1802,Air  ,4.40 (35),0.2788
1803,Live A Live  Sound Version,4.23 (31),0.2802
1804,Silent Hill  S,4.02 (43),0.2805
1805,Final Fantasy Ix   Plus,3.90 (46),0.2807
1806,Akumajo-dracula Ubawareta Kokuin  ,4.44 (39),0.2811
1807,Last Ranker  ,4.49 (37),0.2821
1808,Rudra No Hihou  Sound Version,4.46 (23),0.2829
1809,Rockman X Alph-lyla With Toshiaki Ohtsubo,4.38 (33),0.2829
1810,Final Fantasy Iii  Sound Version,4.04 (37),0.2830
1811,Dairantou Smash Brothers Dx Orchestra Concert,4.58 (44),0.2830
1812,Ace Combat 5 The Unsung War  ,4.43 (37),0.2833
1813,Akumajo Dracula Gallery Of Labyrinth  ,4.31 (40),0.2838
1816,Soulcalibur Ii  ,4.68 (33),0.2866
1817,Valkyrie Profile  Sound Track,4.38 (37),0.2869
1818,Oboromuramasa  ,4.37 (41),0.2875
1819,Espgaluda  Sound Track,4.30 (35),0.2876
1820,Valkyrie Profile Arrange Album,4.41 (27),0.2881
1821,Donkey Kong Country 2: Diddy's Kong Quest The  Donkey Kong Country2 ,4.61 (31),0.2892
1822,"Super Metroid ""sound In Action",4.23 (33),0.2900
1823,Vielen Dank,4.15 (33),0.2901
1824,The Last Remnant  ,4.30 (32),0.2901
1825,Final Fantasy Xi   Premium Box,4.20 (32),0.2904
1826,Mushihimesama  Sound Track,4.34 (32),0.2906
1827,An Cinniuint,4.21 (39),0.2920
1828,Symphonic Odysseys Tribute To Nobuo Uematsu,4.37 (27),0.2926
1829,Persona4  ,4.19 (52),0.2930
1830,Baten Kaitos: Owaranai Tsubasa To Ushinawareta Umi  ,4.27 (43),0.2938
1831,Xenosaga Ii: Jenseits Von Gut Und Bose ~movie Scene ~,4.12 (43),0.2941
1832,Shenmue Orchestra Version,4.61 (31),0.2946
1833,Ar Tonelico: Sekai No Owari De Utaitsuzukeru Shoujo  ,4.45 (32),0.2956
1834,Sigma Harmonics  ,4.29 (35),0.2958
1835,Deathsmiles  Sound Track,4.24 (37),0.2958
1836,Super Mario Galaxy 2  Sound Track,4.39 (47),0.2959
1838,Dirge Of Cerberus -final Fantasy Vii-  ,3.71 (57),0.2967
1839,Final Fantasy Vii Reunion Tracks,4.06 (34),0.2971
1840,Final Fantasy Xi  ,4.16 (34),0.2975
1841,Super Mario Yoshi Island  Sound Version,4.37 (41),0.2986
1842,Drag-on Dragoon 2  ,4.43 (30),0.3006
1843,Akumajo Dracula X Chronicle  ,4.39 (45),0.3008
1844,The Black Mages Iii Darkness And Starlight,3.98 (46),0.3017
1845,Kingdom Hearts  ,4.16 (37),0.3019
1846,Clannad  ,4.60 (47),0.3024
1847,"Katamari Damacy  ""katamari Fortissimo Damacy",4.34 (46),0.3024
1848,Motoi Sakuraba Live Concert Star Ocean & Valkyrie Profile,4.37 (26),0.3033
1849,F-zero X Guitar Arrange Edition,4.45 (37),0.3036
1850,Opoona  ,4.50 (35),0.3041
1851,Distant Worlds: Music From Final Fantasy,4.32 (38),0.3043
1852,Breath Of Fire V Dragon Quarter  ,4.30 (37),0.3046
1853,Castlevania  ,4.11 (41),0.3047
1854,Tales Of Legendia  ,4.48 (44),0.3050
1855,Guilty Gear X Heavy Rock Tracks ~ The  Sound Track Of Dreamcast,4.50 (34),0.3081
1857,Star Ocean: The Second Story  ,4.34 (34),0.3113
1858,Perfect Selection Dracula ~new Classic~,4.40 (41),0.3128
1860,Xenosaga  ,4.20 (35),0.3135
1861,Odin Sphere  ,4.08 (48),0.3156
1862,Bayonetta  ,4.39 (59),0.3170
1863,Piano Collections Final Fantasy Viii,4.30 (42),0.3178
1864,Shin Hikari Shinwa Palutena No Kagami  ,4.35 (48),0.3187
1865,Sailing To The World,4.27 (35),0.3188
1866,Final Fantasy Usa: Mystic Quest Sound Collections,4.26 (40),0.3192
1867,Final Fantasy Iii Legend Of The Eternal Wind,4.22 (34),0.3204
1868,Chrono Trigger  ,4.65 (41),0.3206
1869,Synphonic Suite From Actraiser,4.34 (37),0.3209
1870,Akumajo-dracula -yami No Juin-  ,4.26 (44),0.3242
1871,Final Fantasy I/II,4.17 (39),0.3261
1872,Shadow Hearts Ii  S,4.40 (45),0.3261
1873,Final Fantasy & Final Fantasy Ii  ,3.98 (50),0.3328
1874,Bare Knuckle,4.49 (41),0.3350
1875,"Final Fantasy Vocal Collections Ii ""love Will Grow",4.42 (37),0.3380
1876,Final Fantasy V Dear Friends,4.17 (41),0.3381
1877,Grandia Ii ~deus~,4.26 (36),0.3396
1878,Gradius V S,4.25 (40),0.3396
1879,Sonic The Hedgehog 1&2 ,4.70 (46),0.3403
1880,Piano Collections Final Fantasy Ix,4.30 (49),0.3419
1881,Ico ~melody In The Mist~,3.89 (57),0.3431
1882,Akumajo Dracula X,4.42 (38),0.3436
1883,Piano Collections Final Fantasy Vii,4.22 (46),0.3436
1884,Nier:automata  ,4.66 (60),0.3439
1885,The Black Mages Ii The Skies Above,4.06 (50),0.3441
1886,Actraiser,4.22 (41),0.3468
1887,Bare Nuckle Ii,4.67 (47),0.3484
1888,Final Fantasy Vii Advent Children  ,4.09 (52),0.3511
1889,Einhander  ,4.32 (53),0.3520
1890,Super Mario Rpg  Sound Version,4.27 (46),0.3550
1891,Xenosaga Episode I,4.28 (43),0.3579
1892,Gallian Chronicles  ,4.23 (44),0.3592
1893,Final Fantasy Xiii-2  ,4.24 (54),0.3599
1894,Breath Of Fire   Special Box,4.59 (45),0.3599
1895,Final Fantasy Vi Grand Finale,3.94 (53),0.3599
1896,Shenmue Chapter 1 -yokosuka-  Sound Track,4.30 (44),0.3629
1897,Eternal Arcadia  Sound Track,4.40 (46),0.3652
1898,Final Fantasy Iv Celtic Moon,4.30 (45),0.3660
1899,Super Mario World,4.60 (49),0.3681
1900,The Black Mages,4.11 (58),0.3696
1901,Symphonic Suite Final Fantasy,4.41 (45),0.3707
1902,Gensosuikoden  Game ,4.53 (48),0.3723
1903,Super Mario 64  ,4.36 (56),0.3727
1904,Akumajo Dracula Best Music Collections Box,4.70 (58),0.3732
1905,Final Fantasy Vocal Collections I -pray-,4.53 (38),0.3791
1906,Seiken Densetsu 3  Sound Version,4.42 (46),0.3814
1907,Perfect Selection Dracula Battle Ii,4.44 (47),0.3823
1908,Symphonic Fantasies - Music From Square Enix,4.51 (46),0.3873
1909,Akumajo Dracula Famicom Best,4.55 (47),0.3893
1910,Lost Odyssey  ,4.15 (48),0.3930
1912,Myth: The Xenogears Orchestral Album,4.10 (54),0.3995
1914,Unlimited Saga,4.38 (48),0.4019
1915,Metal Gear Solid  Game ,4.22 (56),0.4036
1916,The Legend Of Zelda: Ocarina Of Time,4.33 (58),0.4139
1917,Kingdom Hearts   Complete,4.61 (52),0.4193
1919,Kirite,4.62 (46),0.4204
1920,Fithos Lusec Wecos Vinosec: Final Fantasy Viii [],4.43 (56),0.4289
1921,Grandia  S,4.57 (44),0.4317
1922,Final Fantasy Iv  Sound Version,4.23 (66),0.4349
1923,Parasite Eve  ,4.44 (57),0.4367
1924,Final Fantasy Xiii  ,4.43 (63),0.4394
1925,Saga Frontier Ii  ,4.38 (52),0.4413
1926,Vagrantstory  ,4.64 (55),0.4440
1927,Bravely Default Flying Fairy  ,4.46 (70),0.4628
1928,Drammatica -the Very Best Of Yoko Shimomura-,4.57 (63),0.4661
1929,Perfect Selection Dracula Battle,4.57 (64),0.4662
1930,Super Mario Galaxy  Sound Track Platinum Version,4.40 (77),0.4868
1931,Okami  ,4.44 (77),0.4882
1932,Soukaigi  ,4.58 (54),0.4883
1933,Seiken Densetsu / Legend Of Mana  ,4.36 (59),0.4923
1934,Piano Collections Final Fantasy X,4.36 (60),0.4930
1935,Xenoblade  ,4.18 (92),0.4965
1936,Final Fantasy V  Sound Version,4.22 (67),0.5049
1937,Silent Hill 2  S,4.54 (83),0.5304
1938,Creid,4.65 (75),0.5528
1939,Final Fantasy Tactics  Sound Track,4.57 (80),0.5684
1940,Final Fantasy Xii   [],4.41 (93),0.5719
1941,Seiken Densetsu 2  Sound Version,4.57 (83),0.5800
1942,Final Fantasy Ix  ,4.50 (104),0.6719
1943,Wander And The Colossus  : Roar Of The Earth,4.53 (103),0.6760
1944,Xenogears  ,4.54 (99),0.6782
1945,Nier Gestalt & Replicant  ,4.56 (126),0.6784
1946,Final Fantasy X  ,4.31 (114),0.6940
1947,Akumajo Dracula X ~gekka No Nocturne~  Game ,4.65 (112),0.6974
1948,Final Fantasy Viii  ,4.46 (120),0.7102
1949,Chrono Trigger  Sound Version,4.54 (117),0.7801
1950,Final Fantasy Vii  Sound Track [],4.27 (126),0.7838
1951,Final Fantasy Vi  Sound Version,4.65 (117),0.8424
1952,Chrono Cross  ,4.73 (155),1.0000
